timestamp,open,high,low,close,volume
2022-01-03,98.64605814440884,103.57384108514992,99.6489651324554,99.73535770192001,3226
2022-01-04,100.24530179880763,102.22180079536675,99.44251037744624,100.26411167837878,1815
2022-01-05,99.88446642102863,102.76796666240223,100.67318493231981,100.52084745242769,2947
2022-01-06,99.2646871061419,101.12054494587314,99.98104441496794,100.62877494196941,2320
2022-01-07,100.5499307197786,102.33286920467351,99.41876681255648,102.09657667742117,1266
2022-01-10,100.60916874209042,99.93307645233727,98.63635485788761,100.36623031048236,1692
2022-01-11,100.91655355047642,100.64965788827902,98.83058635393571,98.17252781627967,3989
2022-01-12,100.04774883417079,101.33217898620151,98.6563292614607,98.79973580187074,3720
2022-01-13,99.83577347344539,100.87116212062672,98.79684594927761,100.76485850243446,4394
2022-01-14,99.99503433765375,103.45180186121024,99.11376589564446,100.076375044083,4908
2022-01-17,101.16977434509923,99.3086757276265,98.68261082469546,100.94970825619609,1266
2022-01-18,100.72254870747592,101.75036216828485,99.38822361689942,101.27915796184665,3170
2022-01-19,102.01422819862688,101.26312742012452,100.12398927454014,100.39358651257632,3240
2022-01-20,100.16814444177388,100.13352744976554,99.20926475847742,100.35359663233974,3232
2022-01-21,101.32450918341291,101.81361329431058,98.71473682538361,100.55603771538674,4339
2022-01-24,102.14538309286864,101.38895874813264,98.5724300899081,101.93317724457778,3770
2022-01-25,101.70435904503996,100.72311428324143,99.1875598060596,100.51458402860216,2548
2022-01-26,102.190393299453,101.23021019820445,99.21591316893017,99.5287579170379,4392
2022-01-27,98.45574331843004,100.64273499862351,100.57215811652343,101.81391890020711,1263
2022-01-28,101.29802056939496,100.38237391985334,100.14552358913438,100.62922306064567,2550
2022-01-31,100.43233247230211,102.26641648506596,100.2315224896747,101.81506867814527,1454
2022-02-01,100.20098442539401,103.00106672161526,97.7919243035886,100.41930980443291,1624
2022-02-02,99.53099014909644,102.64818952249126,98.58704224372256,101.43979234946477,3022
2022-02-03,99.75037007733664,100.3497533485873,100.26435063715878,100.46263866742609,4791
2022-02-04,98.85418800322402,100.85119214752402,99.69392560152095,100.6949774037068,4064
2022-02-07,100.62260626889427,100.4398658557617,98.5213385660623,100.16685152473994,3162
2022-02-08,101.28138249910553,100.94403621092657,99.13551454651649,99.57858812096313,1933
2022-02-09,101.10198036438655,103.06065215643494,99.68510865316138,99.20334647267097,2512
2022-02-10,100.61240638498735,102.74482448751816,100.87015688449075,98.7776265673413,3348
2022-02-11,99.5800439142479,102.63915781797087,100.04867689669923,102.05872813161761,4881
2022-02-14,101.56499987377043,101.38382559381932,100.53130562929158,100.20965647723806,3120
2022-02-15,101.16073025830829,102.05726404650895,100.22189106371519,99.99222675953342,4079
2022-02-16,101.38861147686139,100.11249577880874,99.38146256307165,99.739086076739,4266
2022-02-17,101.09454685323051,101.39331047564445,98.74391213244296,101.49196624407,2948
2022-02-18,100.75335166403447,102.34236254135403,100.81414540912394,101.63945657908434,4838
2022-02-21,102.0387512795402,103.05739548257392,99.89311302465778,99.1250749608038,1250
2022-02-22,100.53680121892816,100.70120737192399,99.3659438687893,100.66776683571995,1210
2022-02-23,101.66525064199588,101.58255498766921,98.74845774588762,101.47504395401502,4919
2022-02-24,100.78749145490193,101.86459914406562,102.31896812665877,98.82919374035676,1605
2022-02-25,101.47642016852988,101.07010961077766,99.66963650449176,102.61048596200361,4766
2022-02-28,101.2122209484858,103.49217018900329,100.69448663529917,100.08623934988954,2032
2022-03-01,99.93769582471057,103.00259206418728,99.87661095675867,103.10415805375165,2453
2022-03-02,103.1610287552632,103.75399139573771,101.9574924239744,100.55572446812525,4777
2022-03-03,101.5323384712043,101.78496165667057,101.38420676817711,101.49639156623768,4352
2022-03-04,103.8623736655401,103.41129290094015,100.6140730243758,100.86265564629574,4900
2022-03-07,102.02610631048444,102.31095106467139,101.10759982991897,101.55264989099956,2645
2022-03-08,102.91335170261011,102.06893307289984,97.86347698201314,101.35161336610126,3124
2022-03-09,101.15030926416838,103.02259851649394,99.96036775390554,102.39686625045073,3373
2022-03-10,103.19533231482927,101.89566763937594,98.49737549626524,101.03377794246104,3760
2022-03-11,102.39957383748639,102.94675391641518,101.0882085213281,101.9175171695628,4181
2022-03-14,100.45276886015084,101.7283895263714,100.90500105469651,99.47922408555705,3187
2022-03-15,102.56614061184816,102.11139363296972,100.95651364138423,101.29658239480868,3209
2022-03-16,102.64972974975474,103.39519709373174,100.45664130679518,100.5591707932769,2390
2022-03-17,100.35378619513602,103.23462236313003,100.78255966451289,100.60345139270271,3765
2022-03-18,100.96158537230019,103.58237474594503,101.1634852559876,100.9849339500437,4550
2022-03-21,103.3032946976861,102.5373706060827,100.34922711113165,102.22117996677068,2170
2022-03-22,102.11468902915534,102.37482004566834,101.27485748339224,102.32163821663927,4364
2022-03-23,101.86144049998357,100.06204207146403,103.22203267082202,100.94915413387636,2483
2022-03-24,101.80064275160679,103.56120059339636,99.78334044737534,102.68082256229754,2825
2022-03-25,101.25878725641675,102.44927368917403,100.91159713516112,104.13174372617159,2715
2022-03-28,101.97014583425131,102.27271802305378,101.30373091527183,102.71813974895619,3267
2022-03-29,102.46668120637628,102.53642980516823,100.83421054269834,102.22443036818919,1176
2022-03-30,103.47871613189183,105.76437696770931,101.96042414159763,103.06011546095276,2131
2022-03-31,102.08955317003303,102.28035038403904,102.83660052662515,101.87395485123736,3403
2022-04-01,101.35173495496987,103.21499800053918,102.40885594921488,103.64787529795848,3282
2022-04-04,103.02754556750702,102.4981693278083,102.27413107787332,102.12849167689926,1252
2022-04-05,102.82966882291548,102.55881726352744,102.2052482430671,103.70647743754236,2160
2022-04-06,103.13056561442333,102.87747805310207,101.48071304933038,103.65053175419155,1182
2022-04-07,103.0070096556015,102.69045018039779,100.99985204085122,101.12113035039654,3056
2022-04-08,103.27813155500186,104.22622802696331,101.26430898112696,100.10346577564663,1481
2022-04-11,103.64482104586655,104.07499024110854,102.33316201521555,102.50349769838509,2467
2022-04-12,101.73225369087635,103.16864136156657,99.96412793576577,102.15269846793498,4692
2022-04-13,102.32037034194761,103.05104853070196,101.18799206076498,101.66506153138704,3553
2022-04-14,104.7538959343668,104.65736120009373,102.98095229171628,100.9043500089199,3347
2022-04-15,102.21484802208752,104.02663729085327,102.83959510236856,102.38884171888594,3544
2022-04-18,101.19611139644509,102.65276231257401,101.7478543101392,102.99584236737098,2015
2022-04-19,103.01522421285935,102.27966624272088,100.80313487276898,101.59798768533358,3753
2022-04-20,101.49424144202021,102.41363587189073,101.38683368087634,102.05240044264971,1349
2022-04-21,104.68098046490786,102.50648965635656,101.57147177744515,103.05710116009179,3315
2022-04-22,103.20885953305874,104.3217018804066,102.05806778139208,103.70819390871864,4786
2022-04-25,102.48472956465936,103.34874891267162,101.21407083860738,101.56836740788548,3485
2022-04-26,102.63967465183693,101.56136310913263,101.69512658780964,100.5591413751559,3350
2022-04-27,102.95278631455774,101.53084166676949,101.32480782660382,102.33605935277107,3363
2022-04-28,101.66458953088124,103.40943657936144,102.742093436392,103.82306609227784,1329
2022-04-29,102.40252656196748,102.44614015271836,101.65229473237045,100.92293118269518,1068
2022-05-02,102.92382215832544,102.67008445937007,102.50240881357054,100.66727213510217,2862
2022-05-03,102.78603681001071,103.07624673878259,99.6130943854241,101.77898378793999,4195
2022-05-04,102.20628394185606,103.4757259458615,104.67918140554232,101.6493912954624,2535
2022-05-05,100.98753007715545,105.31722104726188,101.11283574747061,103.82976876417204,2677
2022-05-06,103.50573992773695,102.53882209339932,103.95393956530495,102.66257492607578,2003
2022-05-09,104.10764372169905,105.80165449584644,102.72620417940816,103.55033378553438,3532
2022-05-10,100.79749032379634,103.1287320134591,101.43224676390075,105.37758205924993,4205
2022-05-11,103.76875481932706,103.51977337783043,101.27643469541543,102.68732967674065,4059
2022-05-12,104.29268542149758,103.86247971035633,101.28522353926435,103.02787628542046,2701
2022-05-13,104.52762922004867,104.56666120675214,102.21241163246745,102.82626992521722,3752
2022-05-16,102.66283187069388,103.49204707027002,102.54577840635287,104.60087154775152,4725
2022-05-17,103.08621609730389,103.4403048930383,99.97707462253936,103.82076146332004,2085
2022-05-18,104.42863647203973,105.2881703111403,103.06939870267126,103.90077830568383,1101
2022-05-19,103.2977788570835,102.43566159047518,103.0950531614998,102.38050514112042,2459
2022-05-20,103.39789635749477,103.40182131346337,102.73808343217017,102.06985358273856,4437
2022-05-23,102.5212702879083,104.52690037629003,103.47481549988153,101.88805891637297,2316
2022-05-24,102.08665119044768,102.84992187729416,105.43963722009458,101.97168096806378,2282
2022-05-25,103.41966202446834,103.53597263559728,100.35400139222999,102.41203308722937,3154
2022-05-26,103.64040365725015,103.98857799488438,101.23570637651058,104.70593945608694,4052
2022-05-27,102.15000412365639,104.13310905030548,102.30201916675485,103.57394000078469,1127
2022-05-30,103.38458943256538,103.14880156672807,103.24605895682616,104.01781417392324,1051
2022-05-31,102.73666514856127,105.17932060054882,102.58702749313929,102.91554199984832,3203
2022-06-01,103.95005569466538,104.14572888525475,102.2849366876599,104.20654229501908,2464
2022-06-02,105.2260983678255,104.92607344973943,102.33030578423299,104.08290240226012,2743
2022-06-03,104.04111487757682,105.06259681104581,103.93120185625057,104.12329834629223,2672
2022-06-06,104.3393297955017,104.95208020237749,101.36438285547597,103.00807923136087,3584
2022-06-07,104.49013996650852,105.28053474167082,102.2159870568874,104.37157764397884,4060
2022-06-08,104.41966401690082,104.6637051845165,103.05482071566249,104.9949977169553,1580
2022-06-09,104.40376380769885,104.8631998975353,104.21486446275938,102.8906457003516,1064
2022-06-10,102.83057825110046,104.37952785737205,102.74460494262425,104.60089443434231,1324
2022-06-13,105.52241919494114,105.86311198780322,102.24408683428055,103.79247838243572,4561
2022-06-14,104.53781598955611,105.32090389746865,104.06515548743191,105.65877656912717,3947
2022-06-15,103.12504110732172,106.22432763179276,102.75085832809253,103.88808698929485,2935
2022-06-16,103.94755509515612,105.73768243667145,105.37662209398877,104.15458959882807,1167
2022-06-17,103.55521229388533,104.17350760381431,102.8253661517216,104.53305289066094,4734
2022-06-20,103.28002973165741,105.8473769515477,103.71834892051845,103.92558418275401,4108
2022-06-21,105.79930289322763,105.3990696390067,100.44738144496401,102.77641616990566,4439
2022-06-22,104.67412824205597,104.97624115395196,103.63376993506338,103.59140177406393,4647
2022-06-23,103.53877548814803,106.25150984071064,102.27553602622581,103.62536185785224,3323
2022-06-24,102.88394065084063,106.17231498535499,104.20896088585882,103.87182316263062,2255
2022-06-27,104.93067636597611,105.37855290183705,105.18380803652781,103.06218318493227,4279
2022-06-28,103.6580553585463,105.19073066736257,103.12297541407563,103.90598072410288,3048
2022-06-29,103.47459571873188,107.27823454346095,103.61478575094034,103.10249990460481,1591
2022-06-30,105.46042820567479,106.29902045314093,102.67114934064217,104.15847902090839,4971
2022-07-01,103.89279524826446,105.9322654140489,102.71298836780177,105.57732734288633,1759
2022-07-04,105.46667944170021,106.50292020194614,103.03187820483998,103.6048846549928,1383
2022-07-05,105.2648990263588,105.53024431857801,103.79104393060975,104.28874116020464,3625
2022-07-06,104.89224034331066,105.45422998227055,104.15428285021413,105.10443708296086,3023
2022-07-07,104.90092912785808,106.48051758072921,104.92568281387985,104.6296903315818,4180
2022-07-08,105.42628647088877,107.08517612210566,103.43913719978637,104.43790960239036,3526
2022-07-11,104.2556710164462,105.84214298027594,104.10055648574122,105.5498962502418,2972
2022-07-12,105.50612767250351,106.58563443746293,101.3726785242211,104.35489629652537,3459
2022-07-13,102.79542615486497,106.05608302062473,104.28914902750208,104.33322098683799,4943
2022-07-14,104.40679384990797,104.94033651389115,102.96175312262906,104.4299100195422,1780
2022-07-15,106.12083152495349,104.32466420308121,102.76354060798558,104.69628047490548,2999
2022-07-18,104.95553447076783,107.087953683439,101.86721198744226,103.89643410219576,1526
2022-07-19,104.97893255199166,107.74511866790698,103.45517269035726,105.23316041673547,2515
2022-07-20,104.01701463894182,105.5847063925185,103.63976679771329,102.8572844124549,1575
2022-07-21,107.25385295657759,106.25724265405466,103.288753442755,105.64839838857004,4827
2022-07-22,103.87991072988041,104.94525027043069,104.10626863456127,105.81533949416594,4887
2022-07-25,105.1030563808636,106.46981698176998,104.16621970966689,104.67805458760516,4662
2022-07-26,104.2717457452576,107.4495603215083,104.00743937028729,104.2907346410159,2551
2022-07-27,104.90323222826815,106.54372957928743,102.07388807327828,106.23599918230629,1631
2022-07-28,106.1340681364126,104.93935271460968,105.17232720325819,104.52467095115634,2622
2022-07-29,105.86706335259245,106.72388012342125,102.88389307179955,105.09959569493698,3737
2022-08-01,105.85758397319829,106.36344557292983,105.82982970797121,105.62297133421528,1874
2022-08-02,106.12055039881852,104.96839526728253,105.14790823756256,106.02258374768414,3245
2022-08-03,104.72807056231566,104.68579718274181,105.09258111110272,105.47054954820045,4017
2022-08-04,103.65565888274259,105.86928830010345,104.45923347985322,103.47132944847127,1273
2022-08-05,106.59723482076252,105.58596174959673,105.15747460648478,105.35358879757202,3922
2022-08-08,105.67468265927303,105.75144480083515,104.35486234532242,105.1564419903613,3327
2022-08-09,105.59202631452968,104.08405432221778,105.12789721512365,105.92311266992397,1133
2022-08-10,106.3327501768263,107.26197323122652,102.97756015550021,107.22084787949795,4845
2022-08-11,105.29022276875399,106.85112002233667,102.93259885143472,104.42726771845722,4672
2022-08-12,106.71385608457057,106.0488895443561,104.66983597514482,104.19656722039362,2742
2022-08-15,105.60393052243603,107.30663999393037,104.56633972883351,105.22347452597867,3827
2022-08-16,105.38515734085729,105.13473202386814,104.31090785660102,105.85067286900956,3900
2022-08-17,105.58245138973142,106.89167968892028,104.6588786925742,105.00458865583603,1935
2022-08-18,105.4145877730692,106.04419894147402,105.79127972294,106.40711534827092,2016
2022-08-19,104.44338610163227,106.00202399105152,103.59918836244583,104.82771900099678,2833
2022-08-22,105.98486622001188,107.3025426147556,104.19136038363249,105.90812975792409,2872
2022-08-23,106.1663440401436,106.60489979492566,106.27317803766813,106.31455163644797,3620
2022-08-24,105.78332081153485,105.50100783689126,105.77528914817809,105.87640958726247,4129
2022-08-25,104.54289075043559,106.7723068078483,103.27319594147069,106.15540438980432,2967
2022-08-26,107.1356866283317,106.70996083708691,105.47223773551994,106.58853596632974,1824
2022-08-29,105.48195700058692,106.42946197584286,105.64387245032705,106.35196888473014,3207
2022-08-30,106.0894804069704,105.28032673214831,105.95926472514252,105.77975539708046,2173
2022-08-31,105.38035593470556,105.65730364151244,105.17772165994204,107.49283790547025,3268
2022-09-01,105.48857408618865,106.85920133660485,105.64347961507814,104.710740936089,4744
2022-09-02,106.77952508496953,104.82738187526718,105.05394861015134,104.290009350196,2325
2022-09-05,105.0729218074547,106.74276915802106,106.0996650011195,105.52377218227838,2216
2022-09-06,105.92167669705437,107.8646045370541,103.07506271352811,106.95296076090497,4925
2022-09-07,107.24345926699324,107.40877738105083,107.1568004242746,106.1253716319189,4881
2022-09-08,105.67152477804287,107.51904163639948,105.90260000839264,106.87446975522862,2048
2022-09-09,106.52486543548106,108.60732542751272,103.97561341186956,105.7390355081664,3654
2022-09-12,107.7441548924337,104.94692473637363,104.28137857392264,106.89529649022334,1277
2022-09-13,104.75097801450937,107.84647662201026,104.65649631838895,107.2118838870482,1329
2022-09-14,106.30870636656984,106.90308312063024,103.14052958119552,105.33922930849106,3260
2022-09-15,107.150120058194,106.43518371519308,104.53671379868135,106.33439719168696,4118
2022-09-16,104.74570521034856,106.16143501451808,106.99508792769315,106.7639494741652,4966
2022-09-19,106.86377135403433,106.6270289850141,106.2058803593249,106.50958274017034,1295
2022-09-20,103.78098227623356,106.2335092850421,106.37386721232633,106.70912173117,3844
2022-09-21,106.37569960675381,107.10484225486034,105.8973896680931,103.66725768037837,1555
2022-09-22,106.15126068449865,108.74459616362518,106.19255194054521,105.22862090528018,3661
2022-09-23,105.66887817835645,106.40600316394703,106.15974825698709,106.7518171927016,1379
2022-09-26,107.097933280523,106.58972068434883,106.20585198701642,107.10126308652649,2457
2022-09-27,105.97283541347767,108.74346038915547,105.76854097620162,104.24247232073462,2829
2022-09-28,105.67569874223038,104.98179029063698,105.59119848990925,106.23869791854804,4200
2022-09-29,107.50465230997615,105.64867949281629,108.33537239276183,106.19163292888365,2188
2022-09-30,106.73537254624868,106.9992916439526,104.77888093115908,107.0049943370602,4553
2022-10-03,106.66295769717831,107.46302917310967,105.20525732383952,108.1823491894001,1588
2022-10-04,107.86869811162444,108.38007994079979,102.99724083234831,108.17214557087914,2680
2022-10-05,106.53499063983561,106.2635963019291,106.67649750207086,105.25036965685891,4784
2022-10-06,107.2174624472126,108.15549765046183,105.44091336856609,105.88095246139017,2417
2022-10-07,105.3810408142809,107.45205333851546,105.02342171720747,107.39937920054324,3998
2022-10-10,105.78455273192861,107.04693967725824,106.63556781131102,105.97837927305913,2595
2022-10-11,106.90088867707185,108.54472402855396,105.38961131871156,108.58611676852695,2011
2022-10-12,106.46298561053733,107.51347225156209,103.75957297187237,106.84785587663146,2180
2022-10-13,106.52787390997022,108.30659954134512,106.06022700507958,108.96617993272174,2612
2022-10-14,106.96063868851893,108.77520671518191,107.20547135042196,104.56578852516463,4135
2022-10-17,106.67466493119647,106.56853210202772,107.98236121951305,105.94520170925868,4241
2022-10-18,107.28378236623027,107.44499480756156,104.26760785006087,105.95445664567183,4181
2022-10-19,106.84506281785231,107.95024184233041,105.46074335355034,105.68675913077907,1711
2022-10-20,107.0494422999312,108.6337619467783,105.41232441401239,106.44597539731188,1895
2022-10-21,108.52800845751987,108.51699034999922,105.45377694755027,106.13044782261846,1558
2022-10-24,106.09594801416526,108.97315094349084,107.19266017701801,108.33742937017615,2302
2022-10-25,107.74385282752193,107.25146729918761,105.6221856710281,107.47711407277568,3870
2022-10-26,107.78071921159633,108.01118786813736,105.43867345829021,106.2740988787401,3264
2022-10-27,106.44020818929113,107.83117307330929,105.64486552883848,107.3862011803866,1661
2022-10-28,106.86402080720353,109.64637571899593,106.39636922909031,107.48545949267717,2858
2022-10-31,106.95556941999672,107.26269468975511,105.91796792301002,106.78716526347101,3867
2022-11-01,109.09005553543356,110.0966486559173,104.28982706928673,107.54932992167443,3693
2022-11-02,107.97063868694948,108.67283180281163,106.52211774921392,106.86920332966986,1616
2022-11-03,108.00477917149783,109.34167300008558,107.31387453526625,107.89342762363893,1747
2022-11-04,106.35737516136338,107.43599254803817,105.56015366958117,106.92162058838068,4449
2022-11-07,107.29276653601494,107.63857107248096,106.75403906791631,108.77041208928074,4445
2022-11-08,107.4866324317998,107.69679121576351,105.86605794896221,106.3926124021082,1361
2022-11-09,107.65870188760609,108.1285254164131,106.16731215288958,106.35408615660265,1108
2022-11-10,108.39891641240047,108.3853002010018,107.91141862176798,108.54258625131301,3257
2022-11-11,107.71077598401182,107.92969375815353,105.14096210156887,106.37556892853874,4723
2022-11-14,108.91472962402358,108.70133512478529,106.4344401482605,107.55668874568804,1386
2022-11-15,107.88264131492672,108.13135128094837,105.7776312089065,108.16888775903266,4287
2022-11-16,107.87566355405545,108.98544908677192,106.31709891429215,107.56088405406965,2219
2022-11-17,107.33138220110199,107.9266072784878,108.83435598602865,108.55670673455177,3473
2022-11-18,108.42024421485895,109.6168859106951,107.13417774323784,106.9459778767981,2118
2022-11-21,105.9096179140617,108.18872162387224,106.52672089443762,109.39457181277959,2921
2022-11-22,107.59390483724067,108.1131915376968,107.00276553359225,109.27071013217288,1632
2022-11-23,106.60803158932121,109.31679240663607,107.4927855372712,108.26190889919896,3892
2022-11-24,109.50496664573805,104.69394542785236,107.18762315695179,107.09777936605572,2569
2022-11-25,108.82737758994658,109.80539391232436,105.71090251492856,108.59370803844077,1681
2022-11-28,109.00961576456356,110.1523277499083,105.55132220701587,106.03207491544802,3076
2022-11-29,107.3567753014045,109.0065631371249,106.56647149646119,107.49784017396564,4070
2022-11-30,107.79046664992092,108.4765086291392,108.52781263128743,109.10695588949454,4157
2022-12-01,106.19548170304292,108.28017199429402,107.14904815534138,108.83750144223634,3111
2022-12-02,107.55492572493282,109.1931411542821,106.78858499200891,108.84732132939156,3056
2022-12-05,108.69548171721367,110.68533490722422,108.19737206975083,109.92326106555858,1612
2022-12-06,108.63006405404828,107.66414128786883,106.49870016880814,107.99403112732169,3997
2022-12-07,109.42082041335797,107.42205149698898,107.1062976663432,109.65367252002761,1066
2022-12-08,109.31750949987085,110.14734012653093,107.67623713274104,107.37588281258095,1203
2022-12-09,106.94605649444688,109.90315176983151,107.3252237465646,107.37785239771749,4323
2022-12-12,107.70933891671098,108.91632231154945,106.92312398652273,107.4169253472777,4796
2022-12-13,106.96689048053646,109.89105298055557,107.78533885063523,107.1767451599852,3952
2022-12-14,109.57271971027852,108.42464525507144,106.13776654945028,109.2340792185852,2747
2022-12-15,107.75124478852685,111.05835722485915,109.4139465315039,108.36750317722898,4304
2022-12-16,109.25027910563784,109.89888326032803,108.91506264105935,106.2205921047889,4377
2022-12-19,109.27523319540987,106.9194702810802,107.41671735562115,108.85436164814688,2769
2022-12-20,109.32090719292871,108.25876120722386,107.95649118744689,110.42095413419266,3041
2022-12-21,108.35080562746114,109.70697395581507,106.50493413115302,108.36712098772566,4702
2022-12-22,108.87882977539932,109.93003596044419,107.99566581057503,108.07817055373184,1977
2022-12-23,108.42932824208516,109.56440127283294,107.46976565083887,110.6963213640889,4154
2022-12-26,105.56434340471641,107.97252586487949,109.08850041098815,108.59015919489688,1376
2022-12-27,107.73351402200754,108.8769359632629,107.81027459242313,108.97791081941058,1876
2022-12-28,108.33942644653557,109.69728904693812,108.38354086151163,107.69646846372386,1329
2022-12-29,106.42638137936564,108.92295746498719,107.88304197538163,108.72376175414945,4876
2022-12-30,108.30033774110974,110.58459682322885,107.94741634579692,108.76541668203737,4311
2023-01-02,107.44825685752323,109.32985949046147,107.63811209138956,110.09506644878972,3095
2023-01-03,108.83500709465014,111.57194246055165,109.89771557044293,110.27509321407624,2247
2023-01-04,108.50682956946964,111.21874544952699,108.04702059778917,110.98379236028157,3626
2023-01-05,107.21007070964703,107.69863986691529,106.24574673739741,108.76748552440868,1689
2023-01-06,110.08686520395271,112.92889971021079,109.3789466071463,107.04763178744898,2669
2023-01-09,106.29413406760317,109.16915247995522,107.20019526611622,109.81885041246834,4897
2023-01-10,108.75039787486615,108.66853235663577,105.52139445217618,110.25300399492959,1764
2023-01-11,108.77272015271835,109.63369896201237,108.7451152912531,109.09642283147735,1887
2023-01-12,108.76047457343267,109.04104482443589,108.07565927880658,107.46642709623843,3749
2023-01-13,109.72433654658094,109.85455592342825,108.55784204977591,110.82605102409734,1245
2023-01-16,108.03428440323609,111.22443753357669,107.81673260485118,107.71032720049433,4563
2023-01-17,108.29654349389612,111.08866947253904,107.20931458010425,110.71251404253235,1277
2023-01-18,108.81806503306925,110.50518562851894,109.6819866950661,109.35942043033872,4955
2023-01-19,109.34153817843914,111.53843227603467,108.7601887415679,105.79473307395003,1021
2023-01-20,109.05133722753229,108.98293567084035,107.4199826577365,109.32340853959236,3492
2023-01-23,108.7001205875932,110.61822229239158,108.31334253749287,108.17417682897366,4382
2023-01-24,107.93742874645757,109.26531901138614,109.03037638873312,109.73949640474682,2912
2023-01-25,110.65968705145121,110.6510794920753,108.64842302681699,110.10778373040829,1246
2023-01-26,110.7489934774534,110.94495923367174,108.21169363170499,110.18534763270036,3795
2023-01-27,109.5868242992002,110.28112737517401,108.96690033537253,109.88124705197286,1051
2023-01-30,110.53214367080932,110.94991890537058,110.60938912040048,108.12856047358328,1254
2023-01-31,109.29605684631585,109.74478060050929,107.66880971638895,110.80677094942467,2067
2023-02-01,109.08740457670856,111.80466064823926,108.10407435662881,109.69514131686707,4129
2023-02-02,110.02594288056639,111.82866521790773,109.24778648306149,108.4490134696627,2723
2023-02-03,109.8599760340463,108.35533609919366,108.7019823278328,108.09878851197108,3146
2023-02-06,108.46685003575682,109.58724713224609,108.84837016813941,109.4141922372183,4233
2023-02-07,111.48065106412358,111.83987548716905,108.97357158051541,108.80483926707696,1146
2023-02-08,109.93026866268124,110.90027572700755,108.9611980838582,110.83698513320952,1725
2023-02-09,108.81999507260937,110.25363108424422,108.56967662854898,109.19231758156687,2331
2023-02-10,109.82710325212629,111.67725630692952,109.77024805355809,109.6258096604643,2387
2023-02-13,108.64938014399934,111.10506983795368,109.07969342977282,108.86325513838788,4585
2023-02-14,108.51735632878245,110.25418694076453,109.10554465938563,109.77535580985258,1180
2023-02-15,108.88277744952063,111.44102903796704,109.84519419921993,108.57470128102901,1644
2023-02-16,108.97904835110543,111.44459591745813,109.44967954640141,109.44703723545707,3880
2023-02-17,109.79804295562101,110.24129372823117,109.48321043352841,109.08036342626968,4180
2023-02-20,110.20139599151295,111.88622302541016,109.43049884665147,112.12330934015586,4889
2023-02-21,109.77725187982975,113.0639493859484,109.74477477690368,109.36962226320854,4650
2023-02-22,108.8492384391874,112.64545942047114,108.1912007727961,109.4251040952454,4274
2023-02-23,109.85926015521285,110.5022248903293,109.17522201829065,109.5438157916429,3350
2023-02-24,110.32082020340324,110.70302056346557,110.19705941433844,108.99134078727181,3237
2023-02-27,109.6843911455023,112.16238544625442,108.28187670536175,109.92857105791276,3766
2023-02-28,109.78049830021172,110.83239487762863,108.76574548004537,111.02361094771018,3615
2023-03-01,110.34552680798122,110.19650346667265,109.29633642631866,110.23509179489328,3114
2023-03-02,110.31135686703453,111.14054122776024,109.0999696918374,111.87427112328281,1275
2023-03-03,110.07578457965897,112.27810533911591,109.3892461963398,109.09876684640638,1547
2023-03-06,109.73407368377478,112.53864213827032,109.91365588211752,109.4995183141996,1044
2023-03-07,112.1001141206206,110.58612019340757,108.54147262725805,108.33304392183074,4912
2023-03-08,109.57676107413921,110.40804021282345,109.30022172545212,111.51252759763051,3573
2023-03-09,107.89902495599577,110.66019651862904,109.68571931631749,110.30418868886767,3107
2023-03-10,110.7459067325521,112.7478940652116,110.4549406103943,110.74246742452219,4980
2023-03-13,112.42559458977222,111.31313942837934,111.09041179976319,109.3632405491655,1744
2023-03-14,108.81901343003084,111.3814606145527,108.88734653004701,111.93546892802122,2890
2023-03-15,109.93568408835908,110.71496002794495,109.81217321045764,110.00139875459242,1411
2023-03-16,111.8612972142645,112.80048224722236,109.17448913213275,110.31624692597028,1594
2023-03-17,109.63043811627588,112.11429496829388,110.48312419329677,110.15233481564482,4390
2023-03-20,110.10672917776267,112.01628678529539,108.83947287436648,109.77604500657776,3079
2023-03-21,111.20354440155779,111.96268947900965,108.27424795638306,110.3030700791841,1585
2023-03-22,109.88740496358427,111.42689725724499,109.34780130506226,109.28974887739325,3485
2023-03-23,111.38623901597627,111.12414472483006,109.66385279098438,110.84073612171619,1184
2023-03-24,110.41829467950407,112.19714186160914,108.74701784486084,111.58115896364339,1634
2023-03-27,109.71380173997125,111.99740154345614,110.00695355291313,109.43860255779883,1188
2023-03-28,110.88280529988184,112.81578435497785,108.35280168402994,109.73734473417822,2275
2023-03-29,112.99557156263737,113.10995106660438,108.06049178537485,110.59835429807146,3446
2023-03-30,110.07644392404198,111.43249100080605,111.84295741876909,111.2643435953474,4145
2023-03-31,110.35613107107517,111.01384256960048,111.33605640956561,109.2300674009082,4647
2023-04-03,110.06789103210667,111.90135315913291,110.76943702007627,111.48504984946001,3552
2023-04-04,111.86044098559486,112.40144989294524,110.07280439990788,111.30090445070849,3332
2023-04-05,111.15362600647558,111.54976805481927,110.6593128882645,108.84882096463697,1090
2023-04-06,113.64224625746766,113.5221553885645,109.90569348576985,111.56196558850245,1110
2023-04-07,111.03589819057218,111.44277752384363,109.61162610595277,109.43274568401613,3488
2023-04-10,109.8010480391952,111.95686116217455,108.74866727218816,110.69800882459027,3509
2023-04-11,111.2043134962694,111.70836924583024,110.6315490539528,111.75943687596799,4306
2023-04-12,111.00885170241645,113.22195526757827,109.34011606778137,109.55919408894388,4864
2023-04-13,113.17597552285031,112.45414765841197,111.70800951709143,110.28379447499127,4910
2023-04-14,111.40900642200285,110.8092104368466,109.10411890044782,110.61256689119577,3073
2023-04-17,110.13896419488137,111.6362464060956,110.0532064680018,110.68523762610371,3778
2023-04-18,110.46599773557072,112.55877300594148,110.01588361121846,111.8449212282475,1596
2023-04-19,110.96858665689886,112.28367207361208,110.6354423703522,111.65001054053673,4758
2023-04-20,111.3104704958106,111.83418635278977,111.15534197525228,111.56161268712103,3519
2023-04-21,110.44762464921868,109.39724947869104,110.72410541370321,110.41863548982694,2825
2023-04-24,112.01501132029354,112.61844915371158,108.70024241409175,111.73465094454751,1307
2023-04-25,112.13125216876938,112.77539409022316,108.51795903061705,112.76672991433637,1409
2023-04-26,111.49439296622009,113.29062647235945,110.11843931337536,112.27569911697981,1917
2023-04-27,109.83232795219378,112.64612718802526,109.37594621897067,110.80834455414262,4785
2023-04-28,112.55580989320768,112.1080144473108,109.61181598730758,111.69373675886162,4562
2023-05-01,110.8171870910861,111.20351721329558,110.78298944973196,111.62442748180399,4945
2023-05-02,112.2799650367713,111.30822314754116,109.45052522942488,112.54182191839753,2664
2023-05-03,110.6448397575886,110.28539038896092,108.20396145533493,111.55760902273639,3027
2023-05-04,110.41913641856696,110.96546533157952,111.15955205031143,113.36336788775378,1010
2023-05-05,110.70803714607547,112.5794290077677,111.09838030640064,112.24821312367375,4290
2023-05-08,112.15745280831806,112.19065953688357,111.33381760722536,111.71298044595149,1095
2023-05-09,111.40985226195552,112.94933826830632,109.1903354759452,110.54991861841698,3474
2023-05-10,111.52502374370542,112.28497975914642,110.50937454606135,113.85182797994821,3667
2023-05-11,110.29360441723958,113.3852880750589,110.98677257630624,112.7434374700716,3810
2023-05-12,111.38913099596056,114.24044732422495,109.23862707056779,111.64339037062102,4876
2023-05-15,112.94307883579506,113.10043512319692,110.65705188716993,113.62078427306734,3052
2023-05-16,111.7030230121966,113.05422002091204,111.17597821191869,111.84612414474506,1470
2023-05-17,111.42875160617679,114.34739482469034,111.33845714115837,113.96064280722905,4718
2023-05-18,110.27019889959533,112.7869979839433,109.91596595059832,111.10837559224322,1422
2023-05-19,112.3864002966426,115.51824026210923,109.25784046886467,113.05733744248157,3638
2023-05-22,111.15260417482071,113.43067842752308,110.5297919010928,111.68659196676354,4921
2023-05-23,115.02517987149061,113.81431767939208,109.7630673754591,111.84789493453748,4891
2023-05-24,114.80940200239641,115.5471382448913,109.14713353990844,112.22595050828772,2531
2023-05-25,112.92974547222927,113.41519629792873,111.33452304176207,113.78679092497347,3166
2023-05-26,112.05748106112694,113.43166675677715,111.32117402215417,112.01610227673905,2602
2023-05-29,113.65340469340966,112.85559412793619,113.10038968642569,112.3559270100975,1861
2023-05-30,114.02030418791843,112.31562862566501,112.74310358530334,112.92934369265072,4756
2023-05-31,113.2538334642195,114.32448735186331,111.59294094165901,111.90772410146036,1849
2023-06-01,112.20685089535277,112.50816646456546,111.2869764306012,113.22247382706918,3849
2023-06-02,111.95903109184016,111.37316940840547,111.38886952182152,111.50831314140846,1294
2023-06-05,111.4531648581298,112.60991157885852,111.60864461016176,111.08589567632964,1448
2023-06-06,111.1859998166231,112.43630778183902,110.48799065801072,112.02236448441904,2143
2023-06-07,111.87772794385101,114.30775695187995,111.34851721307751,114.20739344954345,4336
2023-06-08,113.07088249745303,113.62987168113713,111.90965420110875,112.66232075972546,3407
2023-06-09,111.5166989807949,112.669333031069,109.54192206966881,110.77504222585392,4516
2023-06-12,113.7517199078608,114.81732721485976,110.52476022248509,113.69092541450412,1655
2023-06-13,109.85855490512297,113.34280171156789,110.22625728921706,109.96733490599235,4978
2023-06-14,113.74166070503354,114.02213927983291,110.7705956949243,111.35075201941704,2603
2023-06-15,113.08786649933862,112.80875905488806,111.7512998493916,112.73532829502582,1367
2023-06-16,112.38176951252602,113.3403542394932,112.35949283281435,111.8691454204244,2652
2023-06-19,112.4258907611451,114.20787692297415,113.31219773711919,111.76667178668876,2289
2023-06-20,113.54298802182954,114.22151807328046,111.51284460823436,112.68932912394138,2638
2023-06-21,112.4043960042964,114.83595605763351,110.710473255791,112.80808620739398,4652
2023-06-22,112.27775497381808,113.32094532952195,111.87729303469389,111.28688972023555,2854
2023-06-23,113.380144634866,115.75815575840362,111.90176194636254,112.67948725797892,3912
2023-06-26,112.1381660200381,112.88501778140291,110.92060649495772,113.32079215231076,1826
2023-06-27,110.94887336252847,114.41020104595188,112.14997453240213,114.80018646984256,4156
2023-06-28,113.03666887366802,115.26656103242087,111.80407477644175,113.40180362233362,1834
2023-06-29,112.8920697052235,111.64780552728055,111.32330590969126,112.07919864548036,4057
2023-06-30,113.48262301528924,113.10428512766673,113.55342181071467,113.80012511072408,1545
2023-07-03,112.64183182741414,114.09953500259154,111.26881188818935,112.49847404381909,1170
2023-07-04,112.1015553915051,113.62430779336587,111.79009468896103,112.08321152189176,3001
2023-07-05,113.8146874361572,114.23067819569327,111.7351618500334,113.97012998678184,3460
2023-07-06,112.18196412006697,113.14945567156926,111.85905850434581,114.86538313582638,3177
2023-07-07,113.13421148123514,113.94227717691767,113.29582164075677,111.95906694049658,2844
2023-07-10,110.959263621118,111.92668295091308,112.93080165854751,112.18448340802965,4084
2023-07-11,113.84104371512154,114.06494668839476,112.43786783807106,111.84517676629444,4166
2023-07-12,114.26943130253954,114.37330236083547,110.17242675197083,112.14568405307115,3965
2023-07-13,113.866564711858,114.6841140667551,114.06975116081999,113.226462167188,2894
2023-07-14,114.51511996204432,114.26275336067388,111.9411640847806,112.93183368562995,4168
2023-07-17,114.05915756205945,113.83250531993315,112.09119194511607,113.66461718050752,3778
2023-07-18,114.68120520107564,113.5047730658571,110.85694529825118,114.70303584369206,1588
2023-07-19,114.64688073942412,114.19756769665523,113.77074310156009,112.39134384168429,2927
2023-07-20,111.41778959303281,113.59058736865637,113.65533198841193,112.82994541903975,3187
2023-07-21,113.44139704171651,115.45820461208476,112.12907175501311,113.89177580273642,2579
2023-07-24,113.98639433551722,112.83910600713628,111.1131681393254,112.0676309980966,2668
2023-07-25,113.4514105471585,115.54088773690748,112.4129557601909,114.46882093093033,3183
2023-07-26,114.07695498811901,113.42943163404301,113.10918502044855,112.66705081137502,3270
2023-07-27,113.26155596503936,114.84619061267009,111.73332650704775,113.58389932813947,1717
2023-07-28,113.36362708836717,117.10814794209897,111.77154961594871,113.81611959421305,1118
2023-07-31,114.38262179653127,113.29101756666836,112.86751959709717,114.06065256088488,3921
2023-08-01,113.25056649461952,114.82870161928427,113.42755123251304,113.62677489552719,2949
2023-08-02,115.44272742982974,116.3513383910821,113.8880560433753,112.2300389720911,4850
2023-08-03,114.23428908555712,116.72285604370148,112.48153475470946,115.33351855446013,3264
2023-08-04,113.458276498005,116.46714028217195,112.99483641318342,112.74516078690843,4691
2023-08-07,114.2901191416784,114.06766111076037,111.19410514660795,114.20858900678296,3833
2023-08-08,113.53144825903289,116.20551152497578,114.09211153948749,112.53043080320793,1732
2023-08-09,112.83049960569257,113.88535684944222,113.51641936465158,114.55881859611516,1258
2023-08-10,111.63410039393297,113.95019679281579,112.31549691362063,115.61653666542043,3360
2023-08-11,113.68906070869048,114.19521239227048,113.69961059924992,113.38928550756432,2380
2023-08-14,113.6660176639682,113.97868714834483,114.46498408913895,115.87564241088702,3621
2023-08-15,113.26973948739749,115.70537782217806,113.79509194832703,113.33970335840081,4865
2023-08-16,114.70899019843397,115.01999042802649,112.81054069958739,113.16841076301644,2208
2023-08-17,115.07392861678922,115.27256177759007,113.38275446132839,114.74102266577654,1421
2023-08-18,112.38289529724764,115.43407043785297,112.8533503047038,115.02560550721225,1544
2023-08-21,114.2943053832731,114.64766449809517,111.13717655460101,114.35362104721708,2069
2023-08-22,113.6695913108811,113.13863936380206,113.176073724118,113.23191147090569,3694
2023-08-23,113.18623101836273,114.65278735105275,113.55950682535288,114.38159463995281,1550
2023-08-24,113.1030334207941,115.5888665452197,113.49722832449596,114.55568468375748,2841
2023-08-25,113.82725149585244,114.78036621085855,112.60129908655249,115.75935444433098,2878
2023-08-28,115.72184003453017,114.58946546877817,113.15157115799404,113.24089641693307,3351
2023-08-29,112.05565610407012,115.37561940113734,114.21642456743702,113.79974667052576,1738
2023-08-30,115.39275029692418,116.28936390751362,113.47533892864058,113.29819704826996,1518
2023-08-31,116.1397194691983,114.14261285677118,113.82657295837451,113.4458730229447,1847
2023-09-01,116.55604924792591,114.44668397789683,113.52367589368261,114.49928707609355,1492
2023-09-04,114.26668946973665,116.24719184735072,112.21284967474865,115.35984712405303,2970
2023-09-05,115.267626561268,114.9293108002423,114.78802603163062,116.16798776554133,3805
2023-09-06,116.13246807051499,117.87684438105968,113.39283136440739,114.06108361418282,4234
2023-09-07,115.38276450815458,116.90024170345245,114.51813350651437,113.8399105243419,4042
2023-09-08,115.26168404640296,115.77096974851055,114.5235232660562,113.89193804170175,1758
2023-09-11,115.8755332897528,115.75425837745541,115.91004593535493,114.00384455032923,4119
2023-09-12,114.20702569426527,116.39369898982784,113.78480883008372,113.19048707395885,2851
2023-09-13,115.42438692114378,115.91053869208223,114.56032281364489,114.8781228608502,2179
2023-09-14,115.00749642215361,116.35582588836168,116.06177235467032,114.38511214345785,3359
2023-09-15,114.00557785303901,118.30547270987469,114.03452754119078,113.82506127675734,3302
2023-09-18,115.00975253730142,114.57401526561267,113.58638269458862,113.0014774963344,4535
2023-09-19,114.42538626757751,117.12925176767249,113.83860255447551,115.16069406105207,1372
2023-09-20,115.40104236453779,115.39661906804244,112.77185066581923,114.60088043745716,2423
2023-09-21,115.4619179397122,117.27995349576929,114.22765740791537,114.06272794952368,1448
2023-09-22,114.67527889601675,114.77928522097481,114.90979403972484,114.13824151675755,2195
2023-09-25,115.01624328625886,116.44176804589297,113.12267741680242,114.34115179442314,1297
2023-09-26,114.62548876370745,116.49193972608379,113.95928766503215,114.78040935230145,2164
2023-09-27,115.0190069262633,115.23013077101999,115.07313618049783,116.78884589928322,3690
2023-09-28,115.0726064627355,116.9082365323726,113.90960861939779,117.45406688717668,4465
2023-09-29,116.07477627822959,116.17121916992964,112.15407107004368,114.74364015701919,2364
2023-10-02,114.92229124328243,115.25331322083021,115.60543415700066,114.56195766120231,1822
2023-10-03,116.31044936703942,114.44331130204155,114.45524714958117,114.49722558893205,1863
2023-10-04,115.74728860939739,118.76976674616029,112.44228613040274,113.89815529802519,3091
2023-10-05,115.4676150051247,115.99087987832822,114.44782813894479,115.0450598708439,1833
2023-10-06,114.13387877249838,113.89492055929996,113.79649436487858,115.38972704711291,2119
2023-10-09,114.66819657150506,118.45332109547492,114.68447810658073,115.7185902836497,2345
2023-10-10,115.44364908998864,116.35494906898357,112.88651252180777,114.46531230002225,4656
2023-10-11,114.87126689397087,115.47693643922688,115.29574277102161,116.59384896686007,2716
2023-10-12,115.00929718533946,115.23116276144835,113.4416289133131,114.1485234687331,3171
2023-10-13,113.76373430143818,117.0677963760104,114.10824187803973,114.61207153046767,2085
2023-10-16,115.06955323717298,117.4529110095452,114.09317573375913,115.9154728799373,1805
2023-10-17,115.77851929544525,113.87862052443218,114.97476152469991,116.96131819461628,1749
2023-10-18,113.81525376274047,119.58019619147217,115.72056970990462,114.39784682540815,3514
2023-10-19,115.90219505974949,116.34313804325701,115.18057004502984,114.58367837161084,3506
2023-10-20,114.99159631088484,117.25276292831724,113.2378293739731,116.96827996814376,1178
2023-10-23,114.27575271560274,116.2751790337135,114.86612202209248,117.09926916148537,3823
2023-10-24,115.54270951900672,115.48503417081422,114.67844651582945,116.78760694356102,1717
2023-10-25,114.35061423653953,117.48468662305358,115.6968485369755,115.85296780017421,1689
2023-10-26,114.58355280165677,116.92658195061341,115.1014175920032,117.05826926650468,1725
2023-10-27,114.53137015778253,117.57099967318003,114.47911880347255,115.99417222205433,3104
2023-10-30,115.7336408887846,117.06960969717329,113.29386398872666,116.38433159924843,3194
2023-10-31,114.91469143769379,118.63344379362356,114.8882532890739,117.13628134897587,3726
2023-11-01,117.40369561219778,115.30125278355897,114.47516288851544,115.89181560655184,2027
2023-11-02,116.66705393013196,116.66282887864313,114.75934437311261,114.57201554070625,4386
2023-11-03,116.242895321219,118.19867030148913,113.83238648363884,115.88732500882814,1656
2023-11-06,116.46231305600831,117.02485429746545,114.96533912398303,117.45971592020135,2421
2023-11-07,116.53664187843736,118.10096824792379,114.38257095557275,118.18957404586813,3796
2023-11-08,115.61915855955755,116.39449081775277,114.02733214087844,115.8970264633628,3112
2023-11-09,115.59963445627173,116.88438896507807,114.61146091282849,115.81521005376366,3020
2023-11-10,116.0502326988231,118.7256106541796,116.30843014413549,115.7842557386838,1897
2023-11-13,116.4796696842643,116.67502038928747,116.45044577954175,115.82290026785782,1495
2023-11-14,115.18425146840428,116.52928754701672,115.39793064124376,116.93227124983295,1291
2023-11-15,116.87405959173259,117.62478596617925,112.26022380838623,117.69974071703422,3446
2023-11-16,117.72395421236428,116.28311591426034,115.91894267890989,118.24040694111382,4348
2023-11-17,115.26724394148454,117.7488951436551,114.84954453190791,116.29276652015291,1968
2023-11-20,114.98900296045407,115.51191779802416,114.65316862344604,116.79497657407109,2147
2023-11-21,116.6961420876627,116.54553168069843,114.73933301081672,116.01902778990053,3000
2023-11-22,114.70415977298488,117.33398636276792,116.23145225873593,116.70942544034496,2574
2023-11-23,116.95843088031008,116.78907667356816,114.46423252447653,116.85708361103585,2496
2023-11-24,116.75854187141248,115.71671826464598,114.7118667029744,116.53878154605403,1448
2023-11-27,115.21896557306322,117.3501450372767,115.69888524561186,115.36237516976556,4036
2023-11-28,117.35040479033232,118.37832403859738,114.36773975380943,117.36988188355542,1225
2023-11-29,116.48631956932616,117.96781382134044,116.37905415541977,117.07528085237486,3133
2023-11-30,116.08774571198533,117.72222959798302,116.01502987087845,116.0638558679084,1908
2023-12-01,116.96839155731853,116.5301567900557,116.41008013668105,115.95923417935794,3499
2023-12-04,115.40273934291902,118.78627156941674,115.22144688151597,116.91232527631361,2895
2023-12-05,117.56442792876346,118.74153461489077,116.26200298218595,115.63134039227025,2192
2023-12-06,115.601128863571,117.2474561477413,116.62213340999418,115.34891062510513,1454
2023-12-07,117.86112060309948,117.41535598444307,116.79870133883249,118.17536069549087,2006
2023-12-08,116.9458550725292,118.56724058680506,116.28894882536073,115.50338488534577,4481
2023-12-11,117.58952923335029,118.44835169019593,115.63860626848572,118.4754964212552,1309
2023-12-12,117.13484973782802,117.6167622992854,115.84160740859322,114.46251278641705,3959
2023-12-13,115.70859449340783,115.95081926172138,116.130018069063,117.94966931660505,2574
2023-12-14,116.42487461401184,118.6361104688288,117.04916278299135,116.09691274848852,4531
2023-12-15,118.5248865738298,118.3061983594085,116.36017395068613,116.70420436667415,2260
2023-12-18,118.94555254840947,116.4604424353292,116.51373948587813,114.47386123517718,4475
2023-12-19,116.72230311402538,119.44611222423332,116.09432884130935,117.49602161268437,2640
2023-12-20,116.86690771827344,117.58061347396959,114.31422489955948,117.00761512887492,1035
2023-12-21,115.544492479089,116.72633018543844,118.385609826483,117.66144481881942,2257
2023-12-22,116.04717478491904,117.7253099608706,116.840690470851,117.78757846994706,1366
2023-12-25,115.21133496248588,119.10322218752006,117.99997588829248,117.72028114002737,2316
2023-12-26,118.93151176236633,116.6150612803265,114.7188148649125,116.27936339096598,3438
2023-12-27,116.58031077305321,119.41160656362214,115.09280574840459,116.65198857373117,3526
2023-12-28,117.18140640787932,120.55296707737354,116.28558457652278,116.32789977819009,4866
2023-12-29,116.60857189887501,117.90743065048456,117.74517626121569,115.67977063619719,2147
2024-01-01,119.02139366809746,118.73208918534547,115.79887792446678,117.27270322276411,1328
2024-01-02,117.08997918630148,117.02673759874834,116.69399197833278,116.32745032750609,2403
2024-01-03,117.91194266063866,118.36719362274422,115.49832698098926,117.31848600204488,2536
2024-01-04,118.48666781119297,119.23355188123871,114.6769461205084,119.54292395202307,2355
2024-01-05,118.25843736950061,117.73165430031963,116.91222565144209,118.91581944910261,2032
2024-01-08,117.61772697402029,119.32432080033546,117.87172323405588,119.17597950944025,2388
2024-01-09,117.33708625200622,119.39656474230728,116.88658102075824,117.53542716670229,4329
2024-01-10,117.65982997877823,119.06205043361258,116.87766300014798,118.92613909264999,4889
2024-01-11,116.53706017251669,118.37472037100362,115.79606660739285,118.38844680464732,1648
2024-01-12,118.37909517328418,119.39797074010242,116.02344120274206,116.56751125427519,1809
2024-01-15,116.20384136311803,118.31050130950416,116.47816973055879,118.43490549094415,4684
2024-01-16,117.75142443950705,118.45614514032464,117.90062833434348,118.41013961708471,3513
2024-01-17,116.80471006197952,119.48853928869364,116.6614739034342,117.70537643489492,4301
2024-01-18,116.6372764370727,118.01345608404861,116.15405098272966,118.61113524046623,4514
2024-01-19,117.96312509254953,119.42100222812911,115.60389332839388,118.52321660762298,4093
2024-01-22,119.47392688481813,119.73473667868635,118.24559088536338,119.3170894659326,4671
2024-01-23,118.23425537457163,121.41202801029866,116.15388377286563,116.66732969545485,1316
2024-01-24,116.34598518443735,119.19441796206198,116.4713549505283,118.98543977007091,1065
2024-01-25,120.08606556226619,118.80049107131016,116.64945366592053,114.72652610340215,2131
2024-01-26,116.86492781281831,119.78759151016382,116.19425709187445,115.61197167517926,2431
2024-01-29,118.25391897279908,119.84541512341252,116.89636038965226,119.56913751332803,3500
2024-01-30,118.2107882018687,119.1512725284445,116.50524574377783,117.64376150969791,2147
2024-01-31,119.30202779013354,119.48808303723648,117.3610666609124,117.79515337375103,3592
2024-02-01,117.49085624697179,120.40507192604522,117.84638384495973,117.97956061398881,4297
2024-02-02,117.59060334126335,119.36334527451608,117.2264540086938,116.91808795420737,3546
2024-02-05,117.85063315967436,117.06777784151868,114.08005435069099,118.78601999476463,3139
2024-02-06,118.03761362210996,119.96921098363228,115.17303141750837,118.21940080245894,3718
2024-02-07,118.43098172200881,120.63685197158117,116.1221024268519,119.26185926502332,2084
2024-02-08,116.76133985842735,121.43119488145022,117.86782195418606,118.56411155560366,1874
2024-02-09,119.58209091829323,119.12584811567824,117.30633715242871,117.23441099768726,1656
2024-02-12,117.9671375030383,119.83145679310744,116.32972842231624,117.64255115664965,2510
2024-02-13,118.8954591394072,121.26476147072773,117.13907333158201,118.5498670461376,4496
2024-02-14,117.60436958141891,120.91529538748334,117.07347080618187,119.45542408830988,1872
2024-02-15,118.15458799374923,118.16611493093001,118.47312153491595,118.51234237034271,1843
2024-02-16,118.69861330526275,118.7523992482737,116.3670721202515,118.57471511168323,4031
2024-02-19,118.27427932855383,120.9312445134935,115.91041785217183,118.12175412128688,4020
2024-02-20,120.06170852088837,118.53009524485361,118.13600650203256,119.02149488312911,2145
2024-02-21,119.46386160890171,117.69159297192928,117.2197340107386,116.74376709499056,2736
2024-02-22,119.37287235676501,119.63923137157727,117.99883793385561,119.11716653275671,3855
2024-02-23,118.4383753184828,119.88907324776687,117.33717509702797,117.96486377924066,2000
2024-02-26,118.00995876296645,120.06589188421604,118.20364371212841,118.79164476784774,4702
2024-02-27,118.94009801697892,118.01517750794272,117.67441983772598,118.8149651475906,1469
2024-02-28,117.60909475487492,119.42435251685274,118.27027602674478,117.90900366636895,4909
2024-02-29,118.48206657145228,120.20650719919679,117.55286820836152,118.76783494441707,4110
2024-03-01,118.23839836406029,119.22024771904533,117.38506691269093,119.01445355485066,1890
2024-03-04,119.98226386379154,120.14734032097378,118.63893556190446,120.0853071513332,4979
2024-03-05,119.10077106089344,122.82931081499864,119.00854862067716,118.39314170777243,4797
2024-03-06,118.91808335117095,118.59015514263386,117.3032267672354,118.8938662054996,2176
2024-03-07,119.40134088203895,120.47966024567859,117.98780049973081,118.75874748624119,4643
2024-03-08,119.86545799214424,118.67844981990459,117.38155535547676,120.04856345569645,4057
2024-03-11,118.11623181591838,120.59584308152394,119.36091352619562,120.44585578637803,1180
2024-03-12,118.95662645156511,120.17532103544428,118.94035690533771,118.24203163278642,4197
2024-03-13,117.71134593460297,120.23294260993886,117.92707863383795,119.3933989346434,4076
2024-03-14,119.53573457074864,120.8276549359011,117.78836467237996,119.02443542021297,1360
2024-03-15,119.43012564573853,119.5911172356788,118.89612558409793,118.7832692533069,4213
2024-03-18,119.77412845964255,119.1759782805732,118.49599344490751,120.99226313161232,2644
2024-03-19,120.21451198652082,120.5012711423827,117.16146050253829,120.10999051117092,3817
2024-03-20,120.8845635858073,118.18739624351764,119.09576214081058,118.20513089865977,3067
2024-03-21,118.91294873835479,121.36171971621556,118.25675383281883,119.5020831433148,4662
2024-03-22,118.97310044282646,120.65601834860588,118.21452091602421,120.50770860264159,3800
2024-03-25,120.12654963826304,121.43423426386335,119.60043746885074,119.99421127001347,1122
2024-03-26,121.0291834147219,119.76963694077824,118.41341234950586,120.86007594405262,2378
2024-03-27,120.27883861491259,120.25573170720978,119.18641055154313,120.63225976058604,3445
2024-03-28,119.69837357519866,120.97038319580659,118.78307708927653,120.35643058744834,3283
2024-03-29,119.00280387088067,119.52882231621324,120.36572412831775,120.8459787694941,2651
2024-04-01,119.38244500406198,120.67856699310053,117.3455300220585,119.4782641275404,4785
2024-04-02,120.31707917674458,119.77046602405392,119.43882551804424,118.92685705849162,2146
2024-04-03,120.55375980877963,121.0355125886262,118.77057279686042,119.65519655855347,2669
2024-04-04,120.20693081949419,120.51639454039852,117.42194502334807,122.18270648045109,1095
2024-04-05,119.97975347250102,119.79954727124607,118.05458117494763,120.19358702709506,3032
2024-04-08,120.38517462783945,121.4148131403175,120.6607092458731,120.17513946836374,1368
2024-04-09,119.82591998688234,120.06852964916807,118.32211708762918,119.60309312288109,4237
2024-04-10,120.22194297417735,119.99482121258877,118.69714314178658,119.35897307542474,2456
2024-04-11,120.97440926403353,121.30976081970205,118.9534797773539,119.84205700641931,4948
2024-04-12,119.63484434691719,120.25817194148117,119.76588141844154,121.35288461092985,3107
2024-04-15,119.09628855809633,121.03174531275656,119.49229914744699,118.50194886846093,3176
2024-04-16,121.01534584371286,122.31473891389162,119.36845480680725,120.37337366614443,4505
2024-04-17,120.39726510478124,122.4893918788837,120.394669530273,118.50949304321117,4484
2024-04-18,121.26335413688318,121.9573220663298,119.94611097729631,119.4717329376915,4224
2024-04-19,119.29482015056232,122.36188044667306,119.20408877712754,119.96302602687227,2935
