timestamp,equity
2025-07-13 18:48:12.667185+00:00,5000.0
2025-07-13 19:18:12.667185+00:00,5000.0
2025-07-13 19:48:12.667185+00:00,5000.0
2025-07-13 20:18:12.667185+00:00,5000.0
2025-07-13 20:48:12.667185+00:00,5000.0
2025-07-13 21:18:12.667185+00:00,5000.0
2025-07-13 21:48:12.667185+00:00,5000.0
2025-07-13 22:18:12.667185+00:00,5000.0
2025-07-13 22:48:12.667185+00:00,5000.0
2025-07-13 23:18:12.667185+00:00,5000.0
2025-07-13 23:48:12.667185+00:00,5000.0
2025-07-14 00:18:12.667185+00:00,5000.0
2025-07-14 00:48:12.667185+00:00,5000.0
2025-07-14 01:18:12.667185+00:00,5000.0
2025-07-14 01:48:12.667185+00:00,5000.0
2025-07-14 02:18:12.667185+00:00,5000.0
2025-07-14 02:48:12.667185+00:00,5000.0
2025-07-14 03:18:12.667185+00:00,5000.0
2025-07-14 03:48:12.667185+00:00,5000.0
2025-07-14 04:18:12.667185+00:00,5000.0
2025-07-14 04:48:12.667185+00:00,5000.0
2025-07-14 05:18:12.667185+00:00,5000.0
2025-07-14 05:48:12.667185+00:00,5000.0
2025-07-14 06:18:12.667185+00:00,5000.0
2025-07-14 06:48:12.667185+00:00,5000.0
2025-07-14 07:18:12.667185+00:00,5000.0
2025-07-14 07:48:12.667185+00:00,5000.0
2025-07-14 08:18:12.667185+00:00,5000.0
2025-07-14 08:48:12.667185+00:00,5000.0
2025-07-14 09:18:12.667185+00:00,5000.0
2025-07-14 09:48:12.667185+00:00,5000.0
2025-07-14 10:18:12.667185+00:00,5000.0
2025-07-14 10:48:12.667185+00:00,5000.0
2025-07-14 11:18:12.667185+00:00,5000.0
2025-07-14 11:48:12.667185+00:00,5000.0
2025-07-14 12:18:12.667185+00:00,5000.0
2025-07-14 12:48:12.667185+00:00,5000.0
2025-07-14 13:18:12.667185+00:00,5000.0
2025-07-14 13:48:12.667185+00:00,5000.0
2025-07-14 14:18:12.667185+00:00,5000.0
2025-07-14 14:48:12.667185+00:00,5000.0
2025-07-14 15:18:12.667185+00:00,5000.0
2025-07-14 15:48:12.667185+00:00,5000.0
2025-07-14 16:18:12.667185+00:00,5000.0
2025-07-14 16:48:12.667185+00:00,5000.0
2025-07-14 17:18:12.667185+00:00,5000.0
2025-07-14 17:48:12.667185+00:00,5000.0
2025-07-14 18:18:12.667185+00:00,5000.0
2025-07-14 18:48:12.667185+00:00,5000.0
2025-07-14 19:18:12.667185+00:00,5000.0
2025-07-14 19:48:12.667185+00:00,5000.0
2025-07-14 20:18:12.667185+00:00,5000.0
2025-07-14 20:48:12.667185+00:00,5000.0
2025-07-14 21:18:12.667185+00:00,5000.0
2025-07-14 21:48:12.667185+00:00,5000.0
2025-07-14 22:18:12.667185+00:00,5000.0
2025-07-14 22:48:12.667185+00:00,5000.0
2025-07-14 23:18:12.667185+00:00,5000.0
2025-07-14 23:48:12.667185+00:00,5000.0
2025-07-15 00:18:12.667185+00:00,5000.0
2025-07-15 00:48:12.667185+00:00,5000.0
2025-07-15 01:18:12.667185+00:00,5000.0
2025-07-15 01:48:12.667185+00:00,5000.0
2025-07-15 02:18:12.667185+00:00,5000.0
2025-07-15 02:48:12.667185+00:00,5000.0
2025-07-15 03:18:12.667185+00:00,5000.0
2025-07-15 03:48:12.667185+00:00,5000.0
2025-07-15 04:18:12.667185+00:00,5000.0
2025-07-15 04:48:12.667185+00:00,5000.0
2025-07-15 05:18:12.667185+00:00,5000.0
2025-07-15 05:48:12.667185+00:00,5000.0
2025-07-15 06:18:12.667185+00:00,5000.0
2025-07-15 06:48:12.667185+00:00,5000.0
2025-07-15 07:18:12.667185+00:00,5000.0
2025-07-15 07:48:12.667185+00:00,5000.0
2025-07-15 08:18:12.667185+00:00,5000.0
2025-07-15 08:48:12.667185+00:00,5000.0
2025-07-15 09:18:12.667185+00:00,5000.0
2025-07-15 09:48:12.667185+00:00,5000.0
2025-07-15 10:18:12.667185+00:00,5000.0
2025-07-15 10:48:12.667185+00:00,5000.0
2025-07-15 11:18:12.667185+00:00,5000.0
2025-07-15 11:48:12.667185+00:00,5000.0
2025-07-15 12:18:12.667185+00:00,5000.0
2025-07-15 12:48:12.667185+00:00,5000.0
2025-07-15 13:18:12.667185+00:00,5000.0
2025-07-15 13:48:12.667185+00:00,5000.0
2025-07-15 14:18:12.667185+00:00,5000.0
2025-07-15 14:48:12.667185+00:00,5000.0
2025-07-15 15:18:12.667185+00:00,5000.0
2025-07-15 15:48:12.667185+00:00,5000.0
2025-07-15 16:18:12.667185+00:00,5000.0
2025-07-15 16:48:12.667185+00:00,5000.0
2025-07-15 17:18:12.667185+00:00,5000.0
2025-07-15 17:48:12.667185+00:00,5000.0
2025-07-15 18:18:12.667185+00:00,5000.0
2025-07-15 18:48:12.667185+00:00,5000.0
2025-07-15 19:18:12.667185+00:00,5000.0
2025-07-15 19:48:12.667185+00:00,5000.0
2025-07-15 20:18:12.667185+00:00,5000.0
2025-07-15 20:48:12.667185+00:00,5000.0
2025-07-15 21:18:12.667185+00:00,5000.0
2025-07-15 21:48:12.667185+00:00,5000.0
2025-07-15 22:18:12.667185+00:00,5000.0
2025-07-15 22:48:12.667185+00:00,4988.071581190874
2025-07-15 23:18:12.667185+00:00,4847.927284437706
2025-07-15 23:48:12.667185+00:00,4803.7194706309065
2025-07-16 00:18:12.667185+00:00,4833.255932056407
2025-07-16 00:48:12.667185+00:00,4807.721435675811
2025-07-16 01:18:12.667185+00:00,4848.248448594941
2025-07-16 01:48:12.667185+00:00,4793.507437364428
2025-07-16 02:18:12.667185+00:00,4724.16544485253
2025-07-16 02:48:12.667185+00:00,4622.646717626563
2025-07-16 03:18:12.667185+00:00,4565.0521685065705
2025-07-16 03:48:12.667185+00:00,4519.12196174324
2025-07-16 04:18:12.667185+00:00,4493.958287986576
2025-07-16 04:48:12.667185+00:00,4489.464329698589
2025-07-16 05:18:12.667185+00:00,4489.464329698589
2025-07-16 05:48:12.667185+00:00,4489.464329698589
2025-07-16 06:18:12.667185+00:00,4489.464329698589
2025-07-16 06:48:12.667185+00:00,4489.464329698589
2025-07-16 07:18:12.667185+00:00,4489.464329698589
2025-07-16 07:48:12.667185+00:00,4489.464329698589
2025-07-16 08:18:12.667185+00:00,4489.464329698589
2025-07-16 08:48:12.667185+00:00,4489.464329698589
2025-07-16 09:18:12.667185+00:00,4489.464329698589
2025-07-16 09:48:12.667185+00:00,4489.464329698589
2025-07-16 10:18:12.667185+00:00,4489.464329698589
2025-07-16 10:48:12.667185+00:00,4489.464329698589
2025-07-16 11:18:12.667185+00:00,4489.464329698589
2025-07-16 11:48:12.667185+00:00,4489.464329698589
2025-07-16 12:18:12.667185+00:00,4489.464329698589
2025-07-16 12:48:12.667185+00:00,4489.464329698589
2025-07-16 13:18:12.667185+00:00,4489.464329698589
2025-07-16 13:48:12.667185+00:00,4489.464329698589
2025-07-16 14:18:12.667185+00:00,4489.464329698589
2025-07-16 14:48:12.667185+00:00,4489.464329698589
2025-07-16 15:18:12.667185+00:00,4489.464329698589
2025-07-16 15:48:12.667185+00:00,4489.464329698589
2025-07-16 16:18:12.667185+00:00,4489.464329698589
2025-07-16 16:48:12.667185+00:00,4489.464329698589
2025-07-16 17:18:12.667185+00:00,4489.464329698589
2025-07-16 17:48:12.667185+00:00,4489.464329698589
2025-07-16 18:18:12.667185+00:00,4489.464329698589
2025-07-16 18:48:12.667185+00:00,4489.464329698589
2025-07-16 19:18:12.667185+00:00,4489.464329698589
2025-07-16 19:48:12.667185+00:00,4489.464329698589
2025-07-16 20:18:12.667185+00:00,4489.464329698589
2025-07-16 20:48:12.667185+00:00,4489.464329698589
2025-07-16 21:18:12.667185+00:00,4489.464329698589
2025-07-16 21:48:12.667185+00:00,4489.464329698589
2025-07-16 22:18:12.667185+00:00,4558.766086885226
2025-07-16 22:48:12.667185+00:00,4473.230771032851
2025-07-16 23:18:12.667185+00:00,4497.905492561732
2025-07-16 23:48:12.667185+00:00,4495.932042257155
2025-07-17 00:18:12.667185+00:00,4577.848068954643
2025-07-17 00:48:12.667185+00:00,4539.298697302613
2025-07-17 01:18:12.667185+00:00,4527.254067215767
2025-07-17 01:48:12.667185+00:00,4592.6422800484015
2025-07-17 02:18:12.667185+00:00,4616.515047043544
2025-07-17 02:48:12.667185+00:00,4608.192670982536
2025-07-17 03:18:12.667185+00:00,4641.3434252149345
2025-07-17 03:48:12.667185+00:00,4529.389703414504
2025-07-17 04:18:12.667185+00:00,4538.296003583737
2025-07-17 04:48:12.667185+00:00,4555.551874097884
2025-07-17 05:18:12.667185+00:00,4510.837694930382
2025-07-17 05:48:12.667185+00:00,4395.720112992072
2025-07-17 06:18:12.667185+00:00,4377.566099908046
2025-07-17 06:48:12.667185+00:00,4430.574022039128
2025-07-17 07:18:12.667185+00:00,4383.957331301218
2025-07-17 07:48:12.667185+00:00,4424.214091767829
2025-07-17 08:18:12.667185+00:00,4419.789877676061
2025-07-17 08:48:12.667185+00:00,4419.789877676061
2025-07-17 09:18:12.667185+00:00,4419.789877676061
2025-07-17 09:48:12.667185+00:00,4419.789877676061
2025-07-17 10:18:12.667185+00:00,4419.789877676061
2025-07-17 10:48:12.667185+00:00,4383.477356554663
2025-07-17 11:18:12.667185+00:00,4395.073867909398
2025-07-17 11:48:12.667185+00:00,4420.229959699183
2025-07-17 12:18:12.667185+00:00,4371.671202370466
2025-07-17 12:48:12.667185+00:00,4330.2085860368015
2025-07-17 13:18:12.667185+00:00,4408.91825893433
2025-07-17 13:48:12.667185+00:00,4357.4160858809
2025-07-17 14:18:12.667185+00:00,4323.803372217067
2025-07-17 14:48:12.667185+00:00,4213.050451794154
2025-07-17 15:18:12.667185+00:00,4172.296835273561
2025-07-17 15:48:12.667185+00:00,4168.124538438287
2025-07-17 16:18:12.667185+00:00,4168.124538438287
2025-07-17 16:48:12.667185+00:00,4168.124538438287
2025-07-17 17:18:12.667185+00:00,4168.124538438287
2025-07-17 17:48:12.667185+00:00,4168.124538438287
2025-07-17 18:18:12.667185+00:00,4168.124538438287
2025-07-17 18:48:12.667185+00:00,4168.124538438287
2025-07-17 19:18:12.667185+00:00,4168.124538438287
2025-07-17 19:48:12.667185+00:00,4168.124538438287
2025-07-17 20:18:12.667185+00:00,4168.124538438287
2025-07-17 20:48:12.667185+00:00,4168.124538438287
2025-07-17 21:18:12.667185+00:00,4168.124538438287
2025-07-17 21:48:12.667185+00:00,4168.124538438287
2025-07-17 22:18:12.667185+00:00,4168.124538438287
2025-07-17 22:48:12.667185+00:00,4168.124538438287
2025-07-17 23:18:12.667185+00:00,4168.124538438287
2025-07-17 23:48:12.667185+00:00,4168.124538438287
2025-07-18 00:18:12.667185+00:00,4168.124538438287
2025-07-18 00:48:12.667185+00:00,4168.124538438287
2025-07-18 01:18:12.667185+00:00,4168.124538438287
2025-07-18 01:48:12.667185+00:00,4168.124538438287
2025-07-18 02:18:12.667185+00:00,4168.124538438287
2025-07-18 02:48:12.667185+00:00,4168.124538438287
2025-07-18 03:18:12.667185+00:00,4168.124538438287
2025-07-18 03:48:12.667185+00:00,4168.124538438287
2025-07-18 04:18:12.667185+00:00,4168.124538438287
2025-07-18 04:48:12.667185+00:00,4168.124538438287
2025-07-18 05:18:12.667185+00:00,4168.124538438287
2025-07-18 05:48:12.667185+00:00,4168.124538438287
2025-07-18 06:18:12.667185+00:00,4168.124538438287
2025-07-18 06:48:12.667185+00:00,4168.124538438287
2025-07-18 07:18:12.667185+00:00,4168.124538438287
2025-07-18 07:48:12.667185+00:00,4168.124538438287
2025-07-18 08:18:12.667185+00:00,4168.124538438287
2025-07-18 08:48:12.667185+00:00,4168.124538438287
2025-07-18 09:18:12.667185+00:00,4168.124538438287
2025-07-18 09:48:12.667185+00:00,4168.124538438287
2025-07-18 10:18:12.667185+00:00,4168.124538438287
2025-07-18 10:48:12.667185+00:00,4168.124538438287
2025-07-18 11:18:12.667185+00:00,4168.124538438287
2025-07-18 11:48:12.667185+00:00,4168.124538438287
2025-07-18 12:18:12.667185+00:00,4168.124538438287
2025-07-18 12:48:12.667185+00:00,4168.124538438287
2025-07-18 13:18:12.667185+00:00,4168.124538438287
2025-07-18 13:48:12.667185+00:00,4168.124538438287
2025-07-18 14:18:12.667185+00:00,4168.124538438287
2025-07-18 14:48:12.667185+00:00,4168.124538438287
2025-07-18 15:18:12.667185+00:00,4168.124538438287
2025-07-18 15:48:12.667185+00:00,4168.124538438287
2025-07-18 16:18:12.667185+00:00,4168.124538438287
2025-07-18 16:48:12.667185+00:00,4168.124538438287
2025-07-18 17:18:12.667185+00:00,4168.124538438287
2025-07-18 17:48:12.667185+00:00,4168.124538438287
2025-07-18 18:18:12.667185+00:00,4168.124538438287
2025-07-18 18:48:12.667185+00:00,4168.124538438287
2025-07-18 19:18:12.667185+00:00,4168.124538438287
2025-07-18 19:48:12.667185+00:00,4168.124538438287
2025-07-18 20:18:12.667185+00:00,4168.124538438287
2025-07-18 20:48:12.667185+00:00,4168.124538438287
2025-07-18 21:18:12.667185+00:00,4168.124538438287
2025-07-18 21:48:12.667185+00:00,4168.124538438287
2025-07-18 22:18:12.667185+00:00,4168.124538438287
2025-07-18 22:48:12.667185+00:00,4168.124538438287
2025-07-18 23:18:12.667185+00:00,4164.073973898739
2025-07-18 23:48:12.667185+00:00,4100.698595455456
2025-07-19 00:18:12.667185+00:00,4072.3264523249936
2025-07-19 00:48:12.667185+00:00,4068.2541258726683
2025-07-19 01:18:12.667185+00:00,4068.2541258726683
2025-07-19 01:48:12.667185+00:00,4068.2541258726683
2025-07-19 02:18:12.667185+00:00,4068.2541258726683
2025-07-19 02:48:12.667185+00:00,4068.2541258726683
2025-07-19 03:18:12.667185+00:00,4068.2541258726683
2025-07-19 03:48:12.667185+00:00,4068.2541258726683
2025-07-19 04:18:12.667185+00:00,4068.2541258726683
2025-07-19 04:48:12.667185+00:00,4068.2541258726683
2025-07-19 05:18:12.667185+00:00,4068.2541258726683
2025-07-19 05:48:12.667185+00:00,4068.2541258726683
2025-07-19 06:18:12.667185+00:00,4068.2541258726683
2025-07-19 06:48:12.667185+00:00,4068.2541258726683
2025-07-19 07:18:12.667185+00:00,4068.2541258726683
2025-07-19 07:48:12.667185+00:00,4068.2541258726683
2025-07-19 08:18:12.667185+00:00,4035.4368558435376
2025-07-19 08:48:12.667185+00:00,4013.136877835579
2025-07-19 09:18:12.667185+00:00,3996.3086419336323
2025-07-19 09:48:12.667185+00:00,4015.3459362736185
2025-07-19 10:18:12.667185+00:00,4010.809684568983
2025-07-19 10:48:12.667185+00:00,3941.9867273738464
2025-07-19 11:18:12.667185+00:00,3962.50021304664
2025-07-19 11:48:12.667185+00:00,3958.5377128335936
2025-07-19 12:18:12.667185+00:00,3958.5377128335936
2025-07-19 12:48:12.667185+00:00,3958.5377128335936
2025-07-19 13:18:12.667185+00:00,3958.5377128335936
2025-07-19 13:48:12.667185+00:00,3958.5377128335936
2025-07-19 14:18:12.667185+00:00,3958.5377128335936
2025-07-19 14:48:12.667185+00:00,3957.0700061212115
2025-07-19 15:18:12.667185+00:00,3988.0864669649886
2025-07-19 15:48:12.667185+00:00,4045.4206234743483
2025-07-19 16:18:12.667185+00:00,4075.379296417934
2025-07-19 16:48:12.667185+00:00,4039.930397768354
2025-07-19 17:18:12.667185+00:00,4138.330747514377
2025-07-19 17:48:12.667185+00:00,4141.856239539924
2025-07-19 18:18:12.667185+00:00,4219.6951155944025
2025-07-19 18:48:12.667185+00:00,4145.352299131435
2025-07-19 19:18:12.667185+00:00,4125.1927895481485
2025-07-19 19:48:12.667185+00:00,4140.77932318109
2025-07-19 20:18:12.667185+00:00,4134.541007800235
2025-07-19 20:48:12.667185+00:00,4095.1938053399176
2025-07-19 21:18:12.667185+00:00,4101.837409456702
2025-07-19 21:48:12.667185+00:00,4087.3795788079547
2025-07-19 22:18:12.667185+00:00,4057.151318727314
2025-07-19 22:48:12.667185+00:00,4025.2526934535485
2025-07-19 23:18:12.667185+00:00,4004.811433480178
2025-07-19 23:48:12.667185+00:00,4052.71728510862
2025-07-20 00:18:12.667185+00:00,3994.076277332925
2025-07-20 00:48:12.667185+00:00,3938.6877406407166
2025-07-20 01:18:12.667185+00:00,3896.5419163833244
2025-07-20 01:48:12.667185+00:00,3921.8527300235282
2025-07-20 02:18:12.667185+00:00,3873.5408363026304
2025-07-20 02:48:12.667185+00:00,3824.310072327212
2025-07-20 03:18:12.667185+00:00,3773.3649057378266
2025-07-20 03:48:12.667185+00:00,3750.379664378059
2025-07-20 04:18:12.667185+00:00,3746.629284713681
2025-07-20 04:48:12.667185+00:00,3746.629284713681
2025-07-20 05:18:12.667185+00:00,3746.629284713681
2025-07-20 05:48:12.667185+00:00,3746.629284713681
2025-07-20 06:18:12.667185+00:00,3746.629284713681
2025-07-20 06:48:12.667185+00:00,3746.629284713681
2025-07-20 07:18:12.667185+00:00,3746.629284713681
2025-07-20 07:48:12.667185+00:00,3746.629284713681
2025-07-20 08:18:12.667185+00:00,3746.629284713681
2025-07-20 08:48:12.667185+00:00,3746.629284713681
2025-07-20 09:18:12.667185+00:00,3746.629284713681
2025-07-20 09:48:12.667185+00:00,3746.629284713681
2025-07-20 10:18:12.667185+00:00,3746.629284713681
2025-07-20 10:48:12.667185+00:00,3746.629284713681
2025-07-20 11:18:12.667185+00:00,3746.629284713681
2025-07-20 11:48:12.667185+00:00,3746.629284713681
2025-07-20 12:18:12.667185+00:00,3746.629284713681
2025-07-20 12:48:12.667185+00:00,3746.629284713681
2025-07-20 13:18:12.667185+00:00,3746.629284713681
2025-07-20 13:48:12.667185+00:00,3746.629284713681
2025-07-20 14:18:12.667185+00:00,3746.629284713681
2025-07-20 14:48:12.667185+00:00,3746.629284713681
2025-07-20 15:18:12.667185+00:00,3746.629284713681
2025-07-20 15:48:12.667185+00:00,3746.629284713681
2025-07-20 16:18:12.667185+00:00,3746.629284713681
2025-07-20 16:48:12.667185+00:00,3703.599108122759
2025-07-20 17:18:12.667185+00:00,3673.4684247360074
2025-07-20 17:48:12.667185+00:00,3660.0562362805204
2025-07-20 18:18:12.667185+00:00,3656.96705589356
2025-07-20 18:48:12.667185+00:00,3707.3419372971957
2025-07-20 19:18:12.667185+00:00,3706.098449738221
2025-07-20 19:48:12.667185+00:00,3703.402743091527
2025-07-20 20:18:12.667185+00:00,3707.4783969638966
2025-07-20 20:48:12.667185+00:00,3667.905223899281
2025-07-20 21:18:12.667185+00:00,3625.398835716047
2025-07-20 21:48:12.667185+00:00,3625.341010868193
2025-07-20 22:18:12.667185+00:00,3615.586281565178
2025-07-20 22:48:12.667185+00:00,3622.993648641751
2025-07-20 23:18:12.667185+00:00,3615.203989836751
2025-07-20 23:48:12.667185+00:00,3611.588785846914
2025-07-21 00:18:12.667185+00:00,3611.588785846914
2025-07-21 00:48:12.667185+00:00,3611.588785846914
2025-07-21 01:18:12.667185+00:00,3611.588785846914
2025-07-21 01:48:12.667185+00:00,3611.588785846914
2025-07-21 02:18:12.667185+00:00,3611.588785846914
2025-07-21 02:48:12.667185+00:00,3611.588785846914
2025-07-21 03:18:12.667185+00:00,3611.588785846914
2025-07-21 03:48:12.667185+00:00,3611.588785846914
2025-07-21 04:18:12.667185+00:00,3611.588785846914
2025-07-21 04:48:12.667185+00:00,3611.588785846914
2025-07-21 05:18:12.667185+00:00,3611.588785846914
2025-07-21 05:48:12.667185+00:00,3611.588785846914
2025-07-21 06:18:12.667185+00:00,3611.588785846914
2025-07-21 06:48:12.667185+00:00,3611.588785846914
2025-07-21 07:18:12.667185+00:00,3611.588785846914
2025-07-21 07:48:12.667185+00:00,3611.588785846914
2025-07-21 08:18:12.667185+00:00,3611.588785846914
2025-07-21 08:48:12.667185+00:00,3611.588785846914
2025-07-21 09:18:12.667185+00:00,3611.588785846914
2025-07-21 09:48:12.667185+00:00,3611.588785846914
2025-07-21 10:18:12.667185+00:00,3611.588785846914
2025-07-21 10:48:12.667185+00:00,3611.588785846914
2025-07-21 11:18:12.667185+00:00,3611.588785846914
2025-07-21 11:48:12.667185+00:00,3611.588785846914
2025-07-21 12:18:12.667185+00:00,3611.588785846914
2025-07-21 12:48:12.667185+00:00,3611.588785846914
2025-07-21 13:18:12.667185+00:00,3611.588785846914
2025-07-21 13:48:12.667185+00:00,3611.588785846914
2025-07-21 14:18:12.667185+00:00,3611.588785846914
2025-07-21 14:48:12.667185+00:00,3611.588785846914
2025-07-21 15:18:12.667185+00:00,3611.588785846914
2025-07-21 15:48:12.667185+00:00,3611.588785846914
2025-07-21 16:18:12.667185+00:00,3611.588785846914
2025-07-21 16:48:12.667185+00:00,3611.588785846914
2025-07-21 17:18:12.667185+00:00,3611.588785846914
2025-07-21 17:48:12.667185+00:00,3611.588785846914
2025-07-21 18:18:12.667185+00:00,3611.588785846914
2025-07-21 18:48:12.667185+00:00,3560.9165776069785
2025-07-21 19:18:12.667185+00:00,3573.5870220673933
2025-07-21 19:48:12.667185+00:00,3584.776849263612
2025-07-21 20:18:12.667185+00:00,3604.9832300298344
2025-07-21 20:48:12.667185+00:00,3616.2137946787275
2025-07-21 21:18:12.667185+00:00,3640.9432923313225
2025-07-21 21:48:12.667185+00:00,3696.1671740624374
2025-07-21 22:18:12.667185+00:00,3633.0605532609206
2025-07-21 22:48:12.667185+00:00,3627.0508704414324
2025-07-21 23:18:12.667185+00:00,3581.2825398649643
2025-07-21 23:48:12.667185+00:00,3534.817297292841
2025-07-22 00:18:12.667185+00:00,3479.398756218574
2025-07-22 00:48:12.667185+00:00,3477.2279159419195
2025-07-22 01:18:12.667185+00:00,3412.5261156057813
2025-07-22 01:48:12.667185+00:00,3444.9148369867976
2025-07-22 02:18:12.667185+00:00,3441.469922149811
2025-07-22 02:48:12.667185+00:00,3441.469922149811
2025-07-22 03:18:12.667185+00:00,3441.469922149811
2025-07-22 03:48:12.667185+00:00,3441.469922149811
2025-07-22 04:18:12.667185+00:00,3441.469922149811
2025-07-22 04:48:12.667185+00:00,3441.469922149811
2025-07-22 05:18:12.667185+00:00,3441.469922149811
2025-07-22 05:48:12.667185+00:00,3441.469922149811
2025-07-22 06:18:12.667185+00:00,3441.469922149811
2025-07-22 06:48:12.667185+00:00,3441.469922149811
2025-07-22 07:18:12.667185+00:00,3441.469922149811
2025-07-22 07:48:12.667185+00:00,3441.469922149811
2025-07-22 08:18:12.667185+00:00,3441.469922149811
2025-07-22 08:48:12.667185+00:00,3441.469922149811
2025-07-22 09:18:12.667185+00:00,3441.469922149811
2025-07-22 09:48:12.667185+00:00,3441.469922149811
2025-07-22 10:18:12.667185+00:00,3441.469922149811
2025-07-22 10:48:12.667185+00:00,3441.469922149811
2025-07-22 11:18:12.667185+00:00,3441.469922149811
2025-07-22 11:48:12.667185+00:00,3441.469922149811
2025-07-22 12:18:12.667185+00:00,3441.469922149811
2025-07-22 12:48:12.667185+00:00,3441.469922149811
2025-07-22 13:18:12.667185+00:00,3441.469922149811
2025-07-22 13:48:12.667185+00:00,3441.469922149811
2025-07-22 14:18:12.667185+00:00,3441.469922149811
2025-07-22 14:48:12.667185+00:00,3441.469922149811
2025-07-22 15:18:12.667185+00:00,3441.469922149811
2025-07-22 15:48:12.667185+00:00,3441.469922149811
2025-07-22 16:18:12.667185+00:00,3441.469922149811
2025-07-22 16:48:12.667185+00:00,3441.469922149811
2025-07-22 17:18:12.667185+00:00,3441.469922149811
2025-07-22 17:48:12.667185+00:00,3441.469922149811
2025-07-22 18:18:12.667185+00:00,3441.469922149811
2025-07-22 18:48:12.667185+00:00,3441.469922149811
2025-07-22 19:18:12.667185+00:00,3441.469922149811
2025-07-22 19:48:12.667185+00:00,3441.469922149811
2025-07-22 20:18:12.667185+00:00,3441.469922149811
2025-07-22 20:48:12.667185+00:00,3441.469922149811
2025-07-22 21:18:12.667185+00:00,3441.469922149811
2025-07-22 21:48:12.667185+00:00,3441.469922149811
2025-07-22 22:18:12.667185+00:00,3441.469922149811
2025-07-22 22:48:12.667185+00:00,3441.469922149811
2025-07-22 23:18:12.667185+00:00,3441.469922149811
2025-07-22 23:48:12.667185+00:00,3441.469922149811
2025-07-23 00:18:12.667185+00:00,3441.469922149811
2025-07-23 00:48:12.667185+00:00,3441.469922149811
2025-07-23 01:18:12.667185+00:00,3441.469922149811
2025-07-23 01:48:12.667185+00:00,3441.469922149811
2025-07-23 02:18:12.667185+00:00,3441.469922149811
2025-07-23 02:48:12.667185+00:00,3441.469922149811
2025-07-23 03:18:12.667185+00:00,3441.469922149811
2025-07-23 03:48:12.667185+00:00,3441.469922149811
2025-07-23 04:18:12.667185+00:00,3441.469922149811
2025-07-23 04:48:12.667185+00:00,3441.469922149811
2025-07-23 05:18:12.667185+00:00,3441.469922149811
2025-07-23 05:48:12.667185+00:00,3441.469922149811
2025-07-23 06:18:12.667185+00:00,3441.469922149811
2025-07-23 06:48:12.667185+00:00,3441.469922149811
2025-07-23 07:18:12.667185+00:00,3441.469922149811
2025-07-23 07:48:12.667185+00:00,3441.469922149811
2025-07-23 08:18:12.667185+00:00,3441.469922149811
2025-07-23 08:48:12.667185+00:00,3441.469922149811
2025-07-23 09:18:12.667185+00:00,3441.469922149811
2025-07-23 09:48:12.667185+00:00,3441.469922149811
2025-07-23 10:18:12.667185+00:00,3441.469922149811
2025-07-23 10:48:12.667185+00:00,3441.469922149811
2025-07-23 11:18:12.667185+00:00,3441.469922149811
2025-07-23 11:48:12.667185+00:00,3441.469922149811
2025-07-23 12:18:12.667185+00:00,3441.469922149811
2025-07-23 12:48:12.667185+00:00,3441.469922149811
2025-07-23 13:18:12.667185+00:00,3441.469922149811
2025-07-23 13:48:12.667185+00:00,3441.469922149811
2025-07-23 14:18:12.667185+00:00,3441.469922149811
2025-07-23 14:48:12.667185+00:00,3441.469922149811
2025-07-23 15:18:12.667185+00:00,3441.469922149811
2025-07-23 15:48:12.667185+00:00,3441.469922149811
2025-07-23 16:18:12.667185+00:00,3441.469922149811
2025-07-23 16:48:12.667185+00:00,3441.469922149811
2025-07-23 17:18:12.667185+00:00,3441.469922149811
2025-07-23 17:48:12.667185+00:00,3441.469922149811
2025-07-23 18:18:12.667185+00:00,3441.469922149811
2025-07-23 18:48:12.667185+00:00,3441.469922149811
2025-07-23 19:18:12.667185+00:00,3441.469922149811
2025-07-23 19:48:12.667185+00:00,3441.469922149811
2025-07-23 20:18:12.667185+00:00,3441.469922149811
2025-07-23 20:48:12.667185+00:00,3441.469922149811
2025-07-23 21:18:12.667185+00:00,3441.469922149811
2025-07-23 21:48:12.667185+00:00,3441.469922149811
2025-07-23 22:18:12.667185+00:00,3441.469922149811
2025-07-23 22:48:12.667185+00:00,3441.469922149811
2025-07-23 23:18:12.667185+00:00,3441.469922149811
2025-07-23 23:48:12.667185+00:00,3441.469922149811
2025-07-24 00:18:12.667185+00:00,3441.469922149811
2025-07-24 00:48:12.667185+00:00,3441.469922149811
2025-07-24 01:18:12.667185+00:00,3441.469922149811
2025-07-24 01:48:12.667185+00:00,3441.469922149811
2025-07-24 02:18:12.667185+00:00,3441.469922149811
2025-07-24 02:48:12.667185+00:00,3441.469922149811
2025-07-24 03:18:12.667185+00:00,3441.469922149811
2025-07-24 03:48:12.667185+00:00,3441.469922149811
2025-07-24 04:18:12.667185+00:00,3441.469922149811
2025-07-24 04:48:12.667185+00:00,3441.469922149811
2025-07-24 05:18:12.667185+00:00,3441.469922149811
2025-07-24 05:48:12.667185+00:00,3441.469922149811
2025-07-24 06:18:12.667185+00:00,3441.469922149811
2025-07-24 06:48:12.667185+00:00,3441.469922149811
2025-07-24 07:18:12.667185+00:00,3441.469922149811
2025-07-24 07:48:12.667185+00:00,3441.469922149811
2025-07-24 08:18:12.667185+00:00,3441.469922149811
2025-07-24 08:48:12.667185+00:00,3441.469922149811
2025-07-24 09:18:12.667185+00:00,3441.469922149811
2025-07-24 09:48:12.667185+00:00,3441.469922149811
2025-07-24 10:18:12.667185+00:00,3441.469922149811
2025-07-24 10:48:12.667185+00:00,3441.469922149811
2025-07-24 11:18:12.667185+00:00,3441.469922149811
2025-07-24 11:48:12.667185+00:00,3441.469922149811
2025-07-24 12:18:12.667185+00:00,3441.469922149811
2025-07-24 12:48:12.667185+00:00,3441.469922149811
2025-07-24 13:18:12.667185+00:00,3441.469922149811
2025-07-24 13:48:12.667185+00:00,3441.469922149811
2025-07-24 14:18:12.667185+00:00,3441.469922149811
2025-07-24 14:48:12.667185+00:00,3441.469922149811
2025-07-24 15:18:12.667185+00:00,3441.469922149811
2025-07-24 15:48:12.667185+00:00,3441.469922149811
2025-07-24 16:18:12.667185+00:00,3441.469922149811
2025-07-24 16:48:12.667185+00:00,3441.469922149811
2025-07-24 17:18:12.667185+00:00,3441.469922149811
2025-07-24 17:48:12.667185+00:00,3441.469922149811
2025-07-24 18:18:12.667185+00:00,3441.469922149811
2025-07-24 18:48:12.667185+00:00,3441.469922149811
2025-07-24 19:18:12.667185+00:00,3441.469922149811
2025-07-24 19:48:12.667185+00:00,3441.469922149811
2025-07-24 20:18:12.667185+00:00,3441.469922149811
2025-07-24 20:48:12.667185+00:00,3441.469922149811
2025-07-24 21:18:12.667185+00:00,3441.469922149811
2025-07-24 21:48:12.667185+00:00,3441.469922149811
2025-07-24 22:18:12.667185+00:00,3441.469922149811
2025-07-24 22:48:12.667185+00:00,3441.469922149811
2025-07-24 23:18:12.667185+00:00,3441.469922149811
2025-07-24 23:48:12.667185+00:00,3441.469922149811
2025-07-25 00:18:12.667185+00:00,3441.469922149811
2025-07-25 00:48:12.667185+00:00,3441.469922149811
2025-07-25 01:18:12.667185+00:00,3441.469922149811
2025-07-25 01:48:12.667185+00:00,3441.469922149811
2025-07-25 02:18:12.667185+00:00,3441.469922149811
2025-07-25 02:48:12.667185+00:00,3441.469922149811
2025-07-25 03:18:12.667185+00:00,3441.469922149811
2025-07-25 03:48:12.667185+00:00,3441.469922149811
2025-07-25 04:18:12.667185+00:00,3441.469922149811
2025-07-25 04:48:12.667185+00:00,3441.469922149811
2025-07-25 05:18:12.667185+00:00,3441.469922149811
2025-07-25 05:48:12.667185+00:00,3441.469922149811
2025-07-25 06:18:12.667185+00:00,3441.469922149811
2025-07-25 06:48:12.667185+00:00,3441.469922149811
2025-07-25 07:18:12.667185+00:00,3441.469922149811
2025-07-25 07:48:12.667185+00:00,3441.469922149811
2025-07-25 08:18:12.667185+00:00,3441.469922149811
2025-07-25 08:48:12.667185+00:00,3441.469922149811
2025-07-25 09:18:12.667185+00:00,3441.469922149811
2025-07-25 09:48:12.667185+00:00,3441.469922149811
2025-07-25 10:18:12.667185+00:00,3441.469922149811
2025-07-25 10:48:12.667185+00:00,3441.469922149811
2025-07-25 11:18:12.667185+00:00,3441.469922149811
2025-07-25 11:48:12.667185+00:00,3441.469922149811
2025-07-25 12:18:12.667185+00:00,3441.469922149811
2025-07-25 12:48:12.667185+00:00,3441.469922149811
2025-07-25 13:18:12.667185+00:00,3441.469922149811
2025-07-25 13:48:12.667185+00:00,3441.469922149811
2025-07-25 14:18:12.667185+00:00,3441.469922149811
2025-07-25 14:48:12.667185+00:00,3441.469922149811
2025-07-25 15:18:12.667185+00:00,3441.469922149811
2025-07-25 15:48:12.667185+00:00,3441.469922149811
2025-07-25 16:18:12.667185+00:00,3441.469922149811
2025-07-25 16:48:12.667185+00:00,3441.469922149811
2025-07-25 17:18:12.667185+00:00,3441.469922149811
2025-07-25 17:48:12.667185+00:00,3441.469922149811
2025-07-25 18:18:12.667185+00:00,3441.469922149811
2025-07-25 18:48:12.667185+00:00,3441.469922149811
2025-07-25 19:18:12.667185+00:00,3441.469922149811
2025-07-25 19:48:12.667185+00:00,3441.469922149811
2025-07-25 20:18:12.667185+00:00,3441.469922149811
2025-07-25 20:48:12.667185+00:00,3441.469922149811
2025-07-25 21:18:12.667185+00:00,3441.469922149811
2025-07-25 21:48:12.667185+00:00,3441.469922149811
2025-07-25 22:18:12.667185+00:00,3441.469922149811
2025-07-25 22:48:12.667185+00:00,3441.469922149811
2025-07-25 23:18:12.667185+00:00,3441.469922149811
2025-07-25 23:48:12.667185+00:00,3441.469922149811
2025-07-26 00:18:12.667185+00:00,3441.469922149811
2025-07-26 00:48:12.667185+00:00,3441.469922149811
2025-07-26 01:18:12.667185+00:00,3441.469922149811
2025-07-26 01:48:12.667185+00:00,3441.469922149811
2025-07-26 02:18:12.667185+00:00,3441.469922149811
2025-07-26 02:48:12.667185+00:00,3441.469922149811
2025-07-26 03:18:12.667185+00:00,3441.469922149811
2025-07-26 03:48:12.667185+00:00,3441.469922149811
2025-07-26 04:18:12.667185+00:00,3441.469922149811
2025-07-26 04:48:12.667185+00:00,3441.469922149811
2025-07-26 05:18:12.667185+00:00,3441.469922149811
2025-07-26 05:48:12.667185+00:00,3441.469922149811
2025-07-26 06:18:12.667185+00:00,3441.469922149811
2025-07-26 06:48:12.667185+00:00,3441.469922149811
2025-07-26 07:18:12.667185+00:00,3441.469922149811
2025-07-26 07:48:12.667185+00:00,3441.469922149811
2025-07-26 08:18:12.667185+00:00,3441.469922149811
2025-07-26 08:48:12.667185+00:00,3441.469922149811
2025-07-26 09:18:12.667185+00:00,3441.469922149811
2025-07-26 09:48:12.667185+00:00,3441.469922149811
2025-07-26 10:18:12.667185+00:00,3441.469922149811
2025-07-26 10:48:12.667185+00:00,3441.469922149811
2025-07-26 11:18:12.667185+00:00,3441.469922149811
2025-07-26 11:48:12.667185+00:00,3441.469922149811
2025-07-26 12:18:12.667185+00:00,3441.469922149811
2025-07-26 12:48:12.667185+00:00,3441.469922149811
2025-07-26 13:18:12.667185+00:00,3441.469922149811
2025-07-26 13:48:12.667185+00:00,3441.469922149811
2025-07-26 14:18:12.667185+00:00,3441.469922149811
2025-07-26 14:48:12.667185+00:00,3441.469922149811
2025-07-26 15:18:12.667185+00:00,3441.469922149811
2025-07-26 15:48:12.667185+00:00,3441.469922149811
2025-07-26 16:18:12.667185+00:00,3416.7552229826015
2025-07-26 16:48:12.667185+00:00,3426.423039604401
2025-07-26 17:18:12.667185+00:00,3415.2764677986465
2025-07-26 17:48:12.667185+00:00,3420.648782068968
2025-07-26 18:18:12.667185+00:00,3461.1104965544932
2025-07-26 18:48:12.667185+00:00,3466.7682352103
2025-07-26 19:18:12.667185+00:00,3453.815866806521
2025-07-26 19:48:12.667185+00:00,3464.986854177965
2025-07-26 20:18:12.667185+00:00,3403.70947220466
2025-07-26 20:48:12.667185+00:00,3352.073552959498
2025-07-26 21:18:12.667185+00:00,3372.8472329149495
2025-07-26 21:48:12.667185+00:00,3401.629004659555
2025-07-26 22:18:12.667185+00:00,3424.390616309669
2025-07-26 22:48:12.667185+00:00,3453.5884710897712
2025-07-26 23:18:12.667185+00:00,3455.8150410889116
2025-07-26 23:48:12.667185+00:00,3470.357603535918
2025-07-27 00:18:12.667185+00:00,3486.959829493959
2025-07-27 00:48:12.667185+00:00,3488.2888734289536
2025-07-27 01:18:12.667185+00:00,3505.2693867534595
2025-07-27 01:48:12.667185+00:00,3538.8527034904414
2025-07-27 02:18:12.667185+00:00,3475.151922934239
2025-07-27 02:48:12.667185+00:00,3448.310863173693
2025-07-27 03:18:12.667185+00:00,3405.576082597102
2025-07-27 03:48:12.667185+00:00,3376.4854695970075
2025-07-27 04:18:12.667185+00:00,3340.3718377308246
2025-07-27 04:48:12.667185+00:00,3365.7152927153234
2025-07-27 05:18:12.667185+00:00,3361.168455044787
2025-07-27 05:48:12.667185+00:00,3346.719792710026
2025-07-27 06:18:12.667185+00:00,3330.3154680285097
2025-07-27 06:48:12.667185+00:00,3351.612316264892
2025-07-27 07:18:12.667185+00:00,3319.6696452135166
2025-07-27 07:48:12.667185+00:00,3323.941503945741
2025-07-27 08:18:12.667185+00:00,3357.265276090805
2025-07-27 08:48:12.667185+00:00,3278.3828320906814
2025-07-27 09:18:12.667185+00:00,3284.5480631332257
2025-07-27 09:48:12.667185+00:00,3235.5629824117705
2025-07-27 10:18:12.667185+00:00,3232.327419429359
2025-07-27 10:48:12.667185+00:00,3232.327419429359
2025-07-27 11:18:12.667185+00:00,3232.327419429359
2025-07-27 11:48:12.667185+00:00,3232.327419429359
2025-07-27 12:18:12.667185+00:00,3232.327419429359
2025-07-27 12:48:12.667185+00:00,3232.327419429359
2025-07-27 13:18:12.667185+00:00,3232.327419429359
2025-07-27 13:48:12.667185+00:00,3232.327419429359
2025-07-27 14:18:12.667185+00:00,3232.327419429359
2025-07-27 14:48:12.667185+00:00,3232.327419429359
2025-07-27 15:18:12.667185+00:00,3232.327419429359
2025-07-27 15:48:12.667185+00:00,3232.327419429359
2025-07-27 16:18:12.667185+00:00,3232.327419429359
2025-07-27 16:48:12.667185+00:00,3232.327419429359
2025-07-27 17:18:12.667185+00:00,3232.327419429359
2025-07-27 17:48:12.667185+00:00,3232.327419429359
2025-07-27 18:18:12.667185+00:00,3232.327419429359
2025-07-27 18:48:12.667185+00:00,3232.327419429359
2025-07-27 19:18:12.667185+00:00,3232.327419429359
2025-07-27 19:48:12.667185+00:00,3232.327419429359
2025-07-27 20:18:12.667185+00:00,3254.120487916177
2025-07-27 20:48:12.667185+00:00,3243.672244738142
2025-07-27 21:18:12.667185+00:00,3250.7860379819053
2025-07-27 21:48:12.667185+00:00,3300.234244014927
2025-07-27 22:18:12.667185+00:00,3308.4870985399193
2025-07-27 22:48:12.667185+00:00,3310.1713359754003
2025-07-27 23:18:12.667185+00:00,3309.363999642798
2025-07-27 23:48:12.667185+00:00,3295.447392979978
2025-07-28 00:18:12.667185+00:00,3307.7809646542673
2025-07-28 00:48:12.667185+00:00,3258.211820139812
2025-07-28 01:18:12.667185+00:00,3219.2947339149496
2025-07-28 01:48:12.667185+00:00,3223.6468026668667
2025-07-28 02:18:12.667185+00:00,3185.127279698728
2025-07-28 02:48:12.667185+00:00,3184.035993722266
2025-07-28 03:18:12.667185+00:00,3177.8781739663136
2025-07-28 03:48:12.667185+00:00,3150.0353504495315
2025-07-28 04:18:12.667185+00:00,3146.885315099082
2025-07-28 04:48:12.667185+00:00,3146.885315099082
2025-07-28 05:18:12.667185+00:00,3146.885315099082
2025-07-28 05:48:12.667185+00:00,3146.885315099082
2025-07-28 06:18:12.667185+00:00,3146.885315099082
2025-07-28 06:48:12.667185+00:00,3146.885315099082
2025-07-28 07:18:12.667185+00:00,3146.885315099082
2025-07-28 07:48:12.667185+00:00,3146.885315099082
2025-07-28 08:18:12.667185+00:00,3146.885315099082
2025-07-28 08:48:12.667185+00:00,3146.885315099082
2025-07-28 09:18:12.667185+00:00,3146.885315099082
2025-07-28 09:48:12.667185+00:00,3146.885315099082
2025-07-28 10:18:12.667185+00:00,3146.885315099082
2025-07-28 10:48:12.667185+00:00,3125.7946420776966
2025-07-28 11:18:12.667185+00:00,3136.6790786498295
2025-07-28 11:48:12.667185+00:00,3106.4077174899367
2025-07-28 12:18:12.667185+00:00,3112.989561043679
2025-07-28 12:48:12.667185+00:00,3080.070876177806
2025-07-28 13:18:12.667185+00:00,3076.9908053016284
2025-07-28 13:48:12.667185+00:00,3076.9908053016284
2025-07-28 14:18:12.667185+00:00,3076.9908053016284
2025-07-28 14:48:12.667185+00:00,3076.9908053016284
2025-07-28 15:18:12.667185+00:00,3076.9908053016284
2025-07-28 15:48:12.667185+00:00,3076.9908053016284
2025-07-28 16:18:12.667185+00:00,3076.9908053016284
2025-07-28 16:48:12.667185+00:00,3076.9908053016284
2025-07-28 17:18:12.667185+00:00,3076.9908053016284
2025-07-28 17:48:12.667185+00:00,3076.9908053016284
2025-07-28 18:18:12.667185+00:00,3043.5041328747643
2025-07-28 18:48:12.667185+00:00,3044.531025478584
2025-07-28 19:18:12.667185+00:00,3074.0841056798095
2025-07-28 19:48:12.667185+00:00,3055.2545786134174
2025-07-28 20:18:12.667185+00:00,3091.760054978475
2025-07-28 20:48:12.667185+00:00,3062.7864233113046
2025-07-28 21:18:12.667185+00:00,3069.4497192262747
2025-07-28 21:48:12.667185+00:00,3066.0498815733704
2025-07-28 22:18:12.667185+00:00,3053.205421693971
2025-07-28 22:48:12.667185+00:00,3045.5258762726535
2025-07-28 23:18:12.667185+00:00,3076.801832415005
2025-07-28 23:48:12.667185+00:00,3004.1236323615376
2025-07-29 00:18:12.667185+00:00,3014.3937467580076
2025-07-29 00:48:12.667185+00:00,3054.801040972075
2025-07-29 01:18:12.667185+00:00,3051.999177396906
2025-07-29 01:48:12.667185+00:00,3058.103843202471
2025-07-29 02:18:12.667185+00:00,3065.977514697955
2025-07-29 02:48:12.667185+00:00,3047.495933789237
2025-07-29 03:18:12.667185+00:00,3031.3778255196044
2025-07-29 03:48:12.667185+00:00,3049.738736052714
2025-07-29 04:18:12.667185+00:00,3051.7865764338076
2025-07-29 04:48:12.667185+00:00,3022.5584185242224
2025-07-29 05:18:12.667185+00:00,3036.7087098620327
2025-07-29 05:48:12.667185+00:00,3036.955992273808
2025-07-29 06:18:12.667185+00:00,3001.9859468390237
2025-07-29 06:48:12.667185+00:00,3016.773028266661
2025-07-29 07:18:12.667185+00:00,2999.0475764429975
2025-07-29 07:48:12.667185+00:00,3014.2574084576686
2025-07-29 08:18:12.667185+00:00,3092.4957795865366
2025-07-29 08:48:12.667185+00:00,3148.7254260426857
2025-07-29 09:18:12.667185+00:00,3107.0004153248397
2025-07-29 09:48:12.667185+00:00,3122.260450413363
2025-07-29 10:18:12.667185+00:00,3104.510398922725
2025-07-29 10:48:12.667185+00:00,3094.1425040651047
2025-07-29 11:18:12.667185+00:00,3110.203911972072
2025-07-29 11:48:12.667185+00:00,3155.95089543765
2025-07-29 12:18:12.667185+00:00,3178.307495248442
2025-07-29 12:48:12.667185+00:00,3211.3157188265905
2025-07-29 13:18:12.667185+00:00,3200.651329096839
2025-07-29 13:48:12.667185+00:00,3264.2225846959177
2025-07-29 14:18:12.667185+00:00,3257.9511871614986
2025-07-29 14:48:12.667185+00:00,3249.237278971284
2025-07-29 15:18:12.667185+00:00,3189.552109961412
2025-07-29 15:48:12.667185+00:00,3209.3740625576415
2025-07-29 16:18:12.667185+00:00,3230.209878204089
2025-07-29 16:48:12.667185+00:00,3236.5355082681617
2025-07-29 17:18:12.667185+00:00,3254.4361904427183
2025-07-29 17:48:12.667185+00:00,3219.6632740552723
2025-07-29 18:18:12.667185+00:00,3250.8728090619584
2025-07-29 18:48:12.667185+00:00,3223.9479432164194
2025-07-29 19:18:12.667185+00:00,3258.2880612841136
2025-07-29 19:48:12.667185+00:00,3256.665041542421
2025-07-29 20:18:12.667185+00:00,3236.401676516484
2025-07-29 20:48:12.667185+00:00,3242.653225939011
2025-07-29 21:18:12.667185+00:00,3263.726141803994
2025-07-29 21:48:12.667185+00:00,3261.695904241757
2025-07-29 22:18:12.667185+00:00,3247.3963361288834
2025-07-29 22:48:12.667185+00:00,3246.55691496388
2025-07-29 23:18:12.667185+00:00,3233.542768775705
2025-07-29 23:48:12.667185+00:00,3231.007458482643
2025-07-30 00:18:12.667185+00:00,3307.0823736202547
2025-07-30 00:48:12.667185+00:00,3271.6306839316358
2025-07-30 01:18:12.667185+00:00,3284.4163330181236
2025-07-30 01:48:12.667185+00:00,3250.8898842773165
2025-07-30 02:18:12.667185+00:00,3223.7090407344426
2025-07-30 02:48:12.667185+00:00,3197.940223892811
2025-07-30 03:18:12.667185+00:00,3234.5249319107565
2025-07-30 03:48:12.667185+00:00,3180.4309582860906
2025-07-30 04:18:12.667185+00:00,3183.8441256767346
2025-07-30 04:48:12.667185+00:00,3200.761921724378
2025-07-30 05:18:12.667185+00:00,3186.335811572528
2025-07-30 05:48:12.667185+00:00,3226.436487171296
2025-07-30 06:18:12.667185+00:00,3281.7780196890712
2025-07-30 06:48:12.667185+00:00,3254.8280639984055
2025-07-30 07:18:12.667185+00:00,3285.27697815535
2025-07-30 07:48:12.667185+00:00,3277.0796010848226
2025-07-30 08:18:12.667185+00:00,3192.481099724331
2025-07-30 08:48:12.667185+00:00,3209.6366687873906
2025-07-30 09:18:12.667185+00:00,3210.688897433762
2025-07-30 09:48:12.667185+00:00,3230.6125295341144
2025-07-30 10:18:12.667185+00:00,3250.3101570416084
2025-07-30 10:48:12.667185+00:00,3246.913568668284
2025-07-30 11:18:12.667185+00:00,3178.408908331512
2025-07-30 11:48:12.667185+00:00,3140.487054135036
2025-07-30 12:18:12.667185+00:00,3148.3588588402768
2025-07-30 12:48:12.667185+00:00,3064.718130432155
2025-07-30 13:18:12.667185+00:00,3099.6716189380963
2025-07-30 13:48:12.667185+00:00,3101.90796609515
2025-07-30 14:18:12.667185+00:00,3091.186621906119
2025-07-30 14:48:12.667185+00:00,3088.0954352842127
2025-07-30 15:18:12.667185+00:00,3088.0954352842127
2025-07-30 15:48:12.667185+00:00,3088.0954352842127
2025-07-30 16:18:12.667185+00:00,3088.0954352842127
2025-07-30 16:48:12.667185+00:00,3068.6222260334634
2025-07-30 17:18:12.667185+00:00,3066.206632219786
2025-07-30 17:48:12.667185+00:00,3077.8922077903576
2025-07-30 18:18:12.667185+00:00,3101.4945178975654
2025-07-30 18:48:12.667185+00:00,3085.171446875631
2025-07-30 19:18:12.667185+00:00,3082.461455858449
2025-07-30 19:48:12.667185+00:00,3067.183617216868
2025-07-30 20:18:12.667185+00:00,3086.1265479927265
2025-07-30 20:48:12.667185+00:00,3121.959796909359
2025-07-30 21:18:12.667185+00:00,3091.7383428569815
2025-07-30 21:48:12.667185+00:00,3132.7521272394133
2025-07-30 22:18:12.667185+00:00,3136.0743436338907
2025-07-30 22:48:12.667185+00:00,3105.3208909586715
2025-07-30 23:18:12.667185+00:00,3096.9713203782303
2025-07-30 23:48:12.667185+00:00,3071.2955605946813
2025-07-31 00:18:12.667185+00:00,3125.3620019732152
2025-07-31 00:48:12.667185+00:00,3092.163206664298
2025-07-31 01:18:12.667185+00:00,3109.455625760995
2025-07-31 01:48:12.667185+00:00,3147.1618648118115
2025-07-31 02:18:12.667185+00:00,3157.4974683821133
2025-07-31 02:48:12.667185+00:00,3140.6650577330474
2025-07-31 03:18:12.667185+00:00,3125.853001339082
2025-07-31 03:48:12.667185+00:00,3132.504569252558
2025-07-31 04:18:12.667185+00:00,3092.6774517738977
2025-07-31 04:48:12.667185+00:00,3105.8826875027084
2025-07-31 05:18:12.667185+00:00,3110.7233604538937
2025-07-31 05:48:12.667185+00:00,3127.561690748011
2025-07-31 06:18:12.667185+00:00,3117.470242999917
2025-07-31 06:48:12.667185+00:00,3134.385531507629
2025-07-31 07:18:12.667185+00:00,3120.789136948323
2025-07-31 07:48:12.667185+00:00,3139.6422747844013
2025-07-31 08:18:12.667185+00:00,3190.0327194164734
2025-07-31 08:48:12.667185+00:00,3192.184437733225
2025-07-31 09:18:12.667185+00:00,3166.1444482976917
2025-07-31 09:48:12.667185+00:00,3208.1078267656894
2025-07-31 10:18:12.667185+00:00,3288.5608414216217
2025-07-31 10:48:12.667185+00:00,3257.3924841456324
2025-07-31 11:18:12.667185+00:00,3215.1344817828312
2025-07-31 11:48:12.667185+00:00,3216.811013610459
2025-07-31 12:18:12.667185+00:00,3151.7415007932746
2025-07-31 12:48:12.667185+00:00,3091.258980608454
2025-07-31 13:18:12.667185+00:00,3080.507274373531
2025-07-31 13:48:12.667185+00:00,3113.0901041834672
2025-07-31 14:18:12.667185+00:00,3134.4662904870447
2025-07-31 14:48:12.667185+00:00,3135.567132361348
2025-07-31 15:18:12.667185+00:00,3108.647744153967
2025-07-31 15:48:12.667185+00:00,3147.288447122848
2025-07-31 16:18:12.667185+00:00,3184.9976246061997
2025-07-31 16:48:12.667185+00:00,3200.213164670751
2025-07-31 17:18:12.667185+00:00,3207.032801070633
2025-07-31 17:48:12.667185+00:00,3246.4167383873582
2025-07-31 18:18:12.667185+00:00,3229.7094140121053
2025-07-31 18:48:12.667185+00:00,3224.076548803809
2025-07-31 19:18:12.667185+00:00,3265.7405139296466
2025-07-31 19:48:12.667185+00:00,3233.9305834244574
2025-07-31 20:18:12.667185+00:00,3246.415556986354
2025-07-31 20:48:12.667185+00:00,3255.4543808261637
2025-07-31 21:18:12.667185+00:00,3251.4468550319884
2025-07-31 21:48:12.667185+00:00,3270.305807554117
2025-07-31 22:18:12.667185+00:00,3258.7590177585503
2025-07-31 22:48:12.667185+00:00,3245.184124360899
2025-07-31 23:18:12.667185+00:00,3340.63818567152
2025-07-31 23:48:12.667185+00:00,3317.1731047144135
2025-08-01 00:18:12.667185+00:00,3358.8231894966943
2025-08-01 00:48:12.667185+00:00,3365.91502615757
2025-08-01 01:18:12.667185+00:00,3309.2792276110017
2025-08-01 01:48:12.667185+00:00,3322.4122002582985
2025-08-01 02:18:12.667185+00:00,3377.2660437930595
2025-08-01 02:48:12.667185+00:00,3398.438401801518
2025-08-01 03:18:12.667185+00:00,3413.275737210444
2025-08-01 03:48:12.667185+00:00,3408.751455197216
2025-08-01 04:18:12.667185+00:00,3403.275925278702
2025-08-01 04:48:12.667185+00:00,3333.0431511896813
2025-08-01 05:18:12.667185+00:00,3352.352623506201
2025-08-01 05:48:12.667185+00:00,3333.813261283386
2025-08-01 06:18:12.667185+00:00,3356.103040194829
2025-08-01 06:48:12.667185+00:00,3373.9966600065086
2025-08-01 07:18:12.667185+00:00,3387.437542513103
2025-08-01 07:48:12.667185+00:00,3339.712598204591
2025-08-01 08:18:12.667185+00:00,3362.2227604454365
2025-08-01 08:48:12.667185+00:00,3357.8398798586636
2025-08-01 09:18:12.667185+00:00,3283.8161054810785
2025-08-01 09:48:12.667185+00:00,3294.8283457004854
2025-08-01 10:18:12.667185+00:00,3326.439338681132
2025-08-01 10:48:12.667185+00:00,3342.711394590938
2025-08-01 11:18:12.667185+00:00,3349.255578735652
2025-08-01 11:48:12.667185+00:00,3360.9040554973253
2025-08-01 12:18:12.667185+00:00,3363.570437729621
2025-08-01 12:48:12.667185+00:00,3414.041331387799
2025-08-01 13:18:12.667185+00:00,3367.6008014676595
2025-08-01 13:48:12.667185+00:00,3371.985495276323
2025-08-01 14:18:12.667185+00:00,3373.4211455526865
2025-08-01 14:48:12.667185+00:00,3369.58303568277
2025-08-01 15:18:12.667185+00:00,3371.903801597896
2025-08-01 15:48:12.667185+00:00,3389.5234358730904
2025-08-01 16:18:12.667185+00:00,3468.520722083837
2025-08-01 16:48:12.667185+00:00,3452.5427802428644
2025-08-01 17:18:12.667185+00:00,3500.0307983070757
2025-08-01 17:48:12.667185+00:00,3526.352438848375
2025-08-01 18:18:12.667185+00:00,3533.2249824803907
2025-08-01 18:48:12.667185+00:00,3540.6769658366143
2025-08-01 19:18:12.667185+00:00,3577.073240165778
2025-08-01 19:48:12.667185+00:00,3531.857057259736
2025-08-01 20:18:12.667185+00:00,3547.80183707695
2025-08-01 20:48:12.667185+00:00,3593.8572267391446
2025-08-01 21:18:12.667185+00:00,3516.1044360880423
2025-08-01 21:48:12.667185+00:00,3541.7503688315146
2025-08-01 22:18:12.667185+00:00,3613.4493062947654
2025-08-01 22:48:12.667185+00:00,3557.5882269901736
2025-08-01 23:18:12.667185+00:00,3581.0907218980083
2025-08-01 23:48:12.667185+00:00,3571.775333763608
2025-08-02 00:18:12.667185+00:00,3592.129260539151
2025-08-02 00:48:12.667185+00:00,3571.2732436179385
2025-08-02 01:18:12.667185+00:00,3580.4853829755784
2025-08-02 01:48:12.667185+00:00,3509.5167689837876
2025-08-02 02:18:12.667185+00:00,3516.9728297541237
2025-08-02 02:48:12.667185+00:00,3498.0429106793536
2025-08-02 03:18:12.667185+00:00,3475.4393942768534
2025-08-02 03:48:12.667185+00:00,3488.5252565415653
2025-08-02 04:18:12.667185+00:00,3475.0100619530594
2025-08-02 04:48:12.667185+00:00,3433.1400692822062
2025-08-02 05:18:12.667185+00:00,3466.3929343082955
2025-08-02 05:48:12.667185+00:00,3496.2540774855142
2025-08-02 06:18:12.667185+00:00,3485.7843448953367
2025-08-02 06:48:12.667185+00:00,3516.5029748785155
2025-08-02 07:18:12.667185+00:00,3588.595029616811
2025-08-02 07:48:12.667185+00:00,3584.0399879574175
2025-08-02 08:18:12.667185+00:00,3538.2637945687757
2025-08-02 08:48:12.667185+00:00,3560.995069131147
2025-08-02 09:18:12.667185+00:00,3519.584463003374
2025-08-02 09:48:12.667185+00:00,3471.5997489425476
2025-08-02 10:18:12.667185+00:00,3473.7060747836863
2025-08-02 10:48:12.667185+00:00,3480.1954943333835
2025-08-02 11:18:12.667185+00:00,3504.358880484063
2025-08-02 11:48:12.667185+00:00,3481.0632984920744
2025-08-02 12:18:12.667185+00:00,3512.116216660728
2025-08-02 12:48:12.667185+00:00,3539.0813291518803
2025-08-02 13:18:12.667185+00:00,3562.129389757467
2025-08-02 13:48:12.667185+00:00,3584.1602799819116
2025-08-02 14:18:12.667185+00:00,3588.308129980448
2025-08-02 14:48:12.667185+00:00,3592.4814237171427
2025-08-02 15:18:12.667185+00:00,3600.653234079854
2025-08-02 15:48:12.667185+00:00,3626.8130323814657
2025-08-02 16:18:12.667185+00:00,3575.551606244915
2025-08-02 16:48:12.667185+00:00,3526.5031977378403
2025-08-02 17:18:12.667185+00:00,3488.1833269007325
2025-08-02 17:48:12.667185+00:00,3528.753851857586
2025-08-02 18:18:12.667185+00:00,3561.8904362600274
2025-08-02 18:48:12.667185+00:00,3509.9545824793427
2025-08-02 19:18:12.667185+00:00,3532.577297957058
2025-08-02 19:48:12.667185+00:00,3604.209439387322
2025-08-02 20:18:12.667185+00:00,3590.0142573828257
2025-08-02 20:48:12.667185+00:00,3564.7931303503933
2025-08-02 21:18:12.667185+00:00,3572.2961125085762
2025-08-02 21:48:12.667185+00:00,3543.506512313442
2025-08-02 22:18:12.667185+00:00,3525.0795473635353
2025-08-02 22:48:12.667185+00:00,3482.962041828998
2025-08-02 23:18:12.667185+00:00,3519.6365279045694
2025-08-02 23:48:12.667185+00:00,3558.6141191013967
2025-08-03 00:18:12.667185+00:00,3541.8615750462795
2025-08-03 00:48:12.667185+00:00,3504.3229909110864
2025-08-03 01:18:12.667185+00:00,3526.5946191426765
2025-08-03 01:48:12.667185+00:00,3546.742818313992
2025-08-03 02:18:12.667185+00:00,3532.937432230212
2025-08-03 02:48:12.667185+00:00,3531.5040868453925
2025-08-03 03:18:12.667185+00:00,3530.1363737813836
2025-08-03 03:48:12.667185+00:00,3538.2626280866057
2025-08-03 04:18:12.667185+00:00,3545.8407324387626
2025-08-03 04:48:12.667185+00:00,3599.4297418220326
2025-08-03 05:18:12.667185+00:00,3625.2736961485716
2025-08-03 05:48:12.667185+00:00,3608.865214090942
2025-08-03 06:18:12.667185+00:00,3579.406994926904
2025-08-03 06:48:12.667185+00:00,3594.448454842524
2025-08-03 07:18:12.667185+00:00,3594.311314249938
2025-08-03 07:48:12.667185+00:00,3576.2745925286354
2025-08-03 08:18:12.667185+00:00,3622.3646117387566
2025-08-03 08:48:12.667185+00:00,3601.445314924055
2025-08-03 09:18:12.667185+00:00,3566.354632796745
2025-08-03 09:48:12.667185+00:00,3550.4470883852273
2025-08-03 10:18:12.667185+00:00,3603.9067983116706
2025-08-03 10:48:12.667185+00:00,3604.9579053107695
2025-08-03 11:18:12.667185+00:00,3622.355371389224
2025-08-03 11:48:12.667185+00:00,3592.1498584626434
2025-08-03 12:18:12.667185+00:00,3571.8041050126712
2025-08-03 12:48:12.667185+00:00,3601.1588724704243
2025-08-03 13:18:12.667185+00:00,3624.067043500663
2025-08-03 13:48:12.667185+00:00,3605.8287863976775
2025-08-03 14:18:12.667185+00:00,3640.82736144004
2025-08-03 14:48:12.667185+00:00,3679.02118979929
2025-08-03 15:18:12.667185+00:00,3650.4424839903645
2025-08-03 15:48:12.667185+00:00,3697.923239928597
2025-08-03 16:18:12.667185+00:00,3704.4797974646217
2025-08-03 16:48:12.667185+00:00,3706.273563354749
2025-08-03 17:18:12.667185+00:00,3729.9032238527043
2025-08-03 17:48:12.667185+00:00,3684.984218259843
2025-08-03 18:18:12.667185+00:00,3663.2217832940146
2025-08-03 18:48:12.667185+00:00,3718.519622403781
2025-08-03 19:18:12.667185+00:00,3710.667654150038
2025-08-03 19:48:12.667185+00:00,3715.206108731178
2025-08-03 20:18:12.667185+00:00,3743.012663057405
2025-08-03 20:48:12.667185+00:00,3734.72509664989
2025-08-03 21:18:12.667185+00:00,3705.677007496697
2025-08-03 21:48:12.667185+00:00,3743.857763452029
2025-08-03 22:18:12.667185+00:00,3717.959082971346
2025-08-03 22:48:12.667185+00:00,3732.916308427052
2025-08-03 23:18:12.667185+00:00,3722.8103101323813
2025-08-03 23:48:12.667185+00:00,3771.7408405001647
2025-08-04 00:18:12.667185+00:00,3736.296718555828
2025-08-04 00:48:12.667185+00:00,3678.647159800092
2025-08-04 01:18:12.667185+00:00,3670.7746341110524
2025-08-04 01:48:12.667185+00:00,3643.432170033008
2025-08-04 02:18:12.667185+00:00,3663.4930309742513
2025-08-04 02:48:12.667185+00:00,3695.423514023644
2025-08-04 03:18:12.667185+00:00,3732.4452350910333
2025-08-04 03:48:12.667185+00:00,3717.0175764197547
2025-08-04 04:18:12.667185+00:00,3657.332450837463
2025-08-04 04:48:12.667185+00:00,3631.0274922612803
2025-08-04 05:18:12.667185+00:00,3607.4225536584063
2025-08-04 05:48:12.667185+00:00,3597.917541386174
2025-08-04 06:18:12.667185+00:00,3593.203009356567
2025-08-04 06:48:12.667185+00:00,3573.280766117763
2025-08-04 07:18:12.667185+00:00,3555.7907546776337
2025-08-04 07:48:12.667185+00:00,3524.0141819180417
2025-08-04 08:18:12.667185+00:00,3520.490167736123
2025-08-04 08:48:12.667185+00:00,3520.490167736123
2025-08-04 09:18:12.667185+00:00,3520.490167736123
2025-08-04 09:48:12.667185+00:00,3520.490167736123
2025-08-04 10:18:12.667185+00:00,3520.490167736123
2025-08-04 10:48:12.667185+00:00,3520.490167736123
2025-08-04 11:18:12.667185+00:00,3520.490167736123
2025-08-04 11:48:12.667185+00:00,3520.490167736123
2025-08-04 12:18:12.667185+00:00,3520.490167736123
2025-08-04 12:48:12.667185+00:00,3520.490167736123
2025-08-04 13:18:12.667185+00:00,3520.490167736123
2025-08-04 13:48:12.667185+00:00,3520.490167736123
2025-08-04 14:18:12.667185+00:00,3520.490167736123
2025-08-04 14:48:12.667185+00:00,3520.490167736123
2025-08-04 15:18:12.667185+00:00,3520.490167736123
2025-08-04 15:48:12.667185+00:00,3520.490167736123
2025-08-04 16:18:12.667185+00:00,3520.490167736123
2025-08-04 16:48:12.667185+00:00,3520.490167736123
2025-08-04 17:18:12.667185+00:00,3520.490167736123
2025-08-04 17:48:12.667185+00:00,3520.490167736123
2025-08-04 18:18:12.667185+00:00,3520.490167736123
2025-08-04 18:48:12.667185+00:00,3520.490167736123
2025-08-04 19:18:12.667185+00:00,3520.490167736123
2025-08-04 19:48:12.667185+00:00,3520.490167736123
2025-08-04 20:18:12.667185+00:00,3520.490167736123
2025-08-04 20:48:12.667185+00:00,3520.490167736123
2025-08-04 21:18:12.667185+00:00,3520.490167736123
2025-08-04 21:48:12.667185+00:00,3520.490167736123
2025-08-04 22:18:12.667185+00:00,3520.490167736123
2025-08-04 22:48:12.667185+00:00,3520.490167736123
2025-08-04 23:18:12.667185+00:00,3520.490167736123
2025-08-04 23:48:12.667185+00:00,3520.490167736123
2025-08-05 00:18:12.667185+00:00,3520.490167736123
2025-08-05 00:48:12.667185+00:00,3520.490167736123
2025-08-05 01:18:12.667185+00:00,3520.490167736123
2025-08-05 01:48:12.667185+00:00,3520.490167736123
2025-08-05 02:18:12.667185+00:00,3520.490167736123
2025-08-05 02:48:12.667185+00:00,3520.490167736123
2025-08-05 03:18:12.667185+00:00,3520.490167736123
2025-08-05 03:48:12.667185+00:00,3520.490167736123
2025-08-05 04:18:12.667185+00:00,3520.490167736123
2025-08-05 04:48:12.667185+00:00,3520.490167736123
2025-08-05 05:18:12.667185+00:00,3520.490167736123
2025-08-05 05:48:12.667185+00:00,3520.490167736123
2025-08-05 06:18:12.667185+00:00,3520.490167736123
2025-08-05 06:48:12.667185+00:00,3520.490167736123
2025-08-05 07:18:12.667185+00:00,3520.490167736123
2025-08-05 07:48:12.667185+00:00,3520.490167736123
2025-08-05 08:18:12.667185+00:00,3520.490167736123
2025-08-05 08:48:12.667185+00:00,3520.490167736123
2025-08-05 09:18:12.667185+00:00,3520.490167736123
2025-08-05 09:48:12.667185+00:00,3520.490167736123
2025-08-05 10:18:12.667185+00:00,3520.490167736123
2025-08-05 10:48:12.667185+00:00,3520.490167736123
2025-08-05 11:18:12.667185+00:00,3520.490167736123
2025-08-05 11:48:12.667185+00:00,3520.490167736123
2025-08-05 12:18:12.667185+00:00,3520.490167736123
2025-08-05 12:48:12.667185+00:00,3520.490167736123
2025-08-05 13:18:12.667185+00:00,3520.490167736123
2025-08-05 13:48:12.667185+00:00,3520.490167736123
2025-08-05 14:18:12.667185+00:00,3520.490167736123
2025-08-05 14:48:12.667185+00:00,3520.490167736123
2025-08-05 15:18:12.667185+00:00,3520.490167736123
2025-08-05 15:48:12.667185+00:00,3520.490167736123
2025-08-05 16:18:12.667185+00:00,3520.490167736123
2025-08-05 16:48:12.667185+00:00,3520.490167736123
2025-08-05 17:18:12.667185+00:00,3520.490167736123
2025-08-05 17:48:12.667185+00:00,3520.490167736123
2025-08-05 18:18:12.667185+00:00,3520.490167736123
2025-08-05 18:48:12.667185+00:00,3520.490167736123
2025-08-05 19:18:12.667185+00:00,3520.490167736123
2025-08-05 19:48:12.667185+00:00,3520.490167736123
2025-08-05 20:18:12.667185+00:00,3520.490167736123
2025-08-05 20:48:12.667185+00:00,3520.490167736123
2025-08-05 21:18:12.667185+00:00,3520.490167736123
2025-08-05 21:48:12.667185+00:00,3520.490167736123
2025-08-05 22:18:12.667185+00:00,3520.490167736123
2025-08-05 22:48:12.667185+00:00,3520.490167736123
2025-08-05 23:18:12.667185+00:00,3520.490167736123
2025-08-05 23:48:12.667185+00:00,3520.490167736123
2025-08-06 00:18:12.667185+00:00,3520.490167736123
2025-08-06 00:48:12.667185+00:00,3520.490167736123
2025-08-06 01:18:12.667185+00:00,3520.490167736123
2025-08-06 01:48:12.667185+00:00,3520.490167736123
2025-08-06 02:18:12.667185+00:00,3520.490167736123
2025-08-06 02:48:12.667185+00:00,3520.490167736123
2025-08-06 03:18:12.667185+00:00,3520.490167736123
2025-08-06 03:48:12.667185+00:00,3520.490167736123
2025-08-06 04:18:12.667185+00:00,3520.490167736123
2025-08-06 04:48:12.667185+00:00,3520.490167736123
2025-08-06 05:18:12.667185+00:00,3520.490167736123
2025-08-06 05:48:12.667185+00:00,3520.490167736123
2025-08-06 06:18:12.667185+00:00,3520.490167736123
2025-08-06 06:48:12.667185+00:00,3520.490167736123
2025-08-06 07:18:12.667185+00:00,3520.490167736123
2025-08-06 07:48:12.667185+00:00,3520.490167736123
2025-08-06 08:18:12.667185+00:00,3520.490167736123
2025-08-06 08:48:12.667185+00:00,3520.490167736123
2025-08-06 09:18:12.667185+00:00,3520.490167736123
2025-08-06 09:48:12.667185+00:00,3520.490167736123
2025-08-06 10:18:12.667185+00:00,3520.490167736123
2025-08-06 10:48:12.667185+00:00,3520.490167736123
2025-08-06 11:18:12.667185+00:00,3520.490167736123
2025-08-06 11:48:12.667185+00:00,3520.490167736123
2025-08-06 12:18:12.667185+00:00,3520.490167736123
2025-08-06 12:48:12.667185+00:00,3520.490167736123
2025-08-06 13:18:12.667185+00:00,3520.490167736123
2025-08-06 13:48:12.667185+00:00,3520.490167736123
2025-08-06 14:18:12.667185+00:00,3520.490167736123
2025-08-06 14:48:12.667185+00:00,3520.490167736123
2025-08-06 15:18:12.667185+00:00,3520.490167736123
2025-08-06 15:48:12.667185+00:00,3520.490167736123
2025-08-06 16:18:12.667185+00:00,3520.490167736123
2025-08-06 16:48:12.667185+00:00,3520.490167736123
2025-08-06 17:18:12.667185+00:00,3520.490167736123
2025-08-06 17:48:12.667185+00:00,3520.490167736123
2025-08-06 18:18:12.667185+00:00,3520.490167736123
2025-08-06 18:48:12.667185+00:00,3520.490167736123
2025-08-06 19:18:12.667185+00:00,3520.490167736123
2025-08-06 19:48:12.667185+00:00,3520.490167736123
2025-08-06 20:18:12.667185+00:00,3520.490167736123
2025-08-06 20:48:12.667185+00:00,3520.490167736123
2025-08-06 21:18:12.667185+00:00,3520.490167736123
2025-08-06 21:48:12.667185+00:00,3520.490167736123
2025-08-06 22:18:12.667185+00:00,3520.490167736123
2025-08-06 22:48:12.667185+00:00,3520.490167736123
2025-08-06 23:18:12.667185+00:00,3520.490167736123
2025-08-06 23:48:12.667185+00:00,3520.490167736123
2025-08-07 00:18:12.667185+00:00,3520.490167736123
2025-08-07 00:48:12.667185+00:00,3520.490167736123
2025-08-07 01:18:12.667185+00:00,3520.490167736123
2025-08-07 01:48:12.667185+00:00,3520.490167736123
2025-08-07 02:18:12.667185+00:00,3520.490167736123
2025-08-07 02:48:12.667185+00:00,3520.490167736123
2025-08-07 03:18:12.667185+00:00,3520.490167736123
2025-08-07 03:48:12.667185+00:00,3520.490167736123
2025-08-07 04:18:12.667185+00:00,3520.490167736123
2025-08-07 04:48:12.667185+00:00,3520.490167736123
2025-08-07 05:18:12.667185+00:00,3520.490167736123
2025-08-07 05:48:12.667185+00:00,3520.490167736123
2025-08-07 06:18:12.667185+00:00,3520.490167736123
2025-08-07 06:48:12.667185+00:00,3520.490167736123
2025-08-07 07:18:12.667185+00:00,3520.490167736123
2025-08-07 07:48:12.667185+00:00,3520.490167736123
2025-08-07 08:18:12.667185+00:00,3520.490167736123
2025-08-07 08:48:12.667185+00:00,3520.490167736123
2025-08-07 09:18:12.667185+00:00,3520.490167736123
2025-08-07 09:48:12.667185+00:00,3520.490167736123
2025-08-07 10:18:12.667185+00:00,3520.490167736123
2025-08-07 10:48:12.667185+00:00,3520.490167736123
2025-08-07 11:18:12.667185+00:00,3520.490167736123
2025-08-07 11:48:12.667185+00:00,3520.490167736123
2025-08-07 12:18:12.667185+00:00,3520.490167736123
2025-08-07 12:48:12.667185+00:00,3520.490167736123
2025-08-07 13:18:12.667185+00:00,3520.490167736123
2025-08-07 13:48:12.667185+00:00,3520.490167736123
2025-08-07 14:18:12.667185+00:00,3520.490167736123
2025-08-07 14:48:12.667185+00:00,3520.490167736123
2025-08-07 15:18:12.667185+00:00,3520.490167736123
2025-08-07 15:48:12.667185+00:00,3520.490167736123
2025-08-07 16:18:12.667185+00:00,3520.490167736123
2025-08-07 16:48:12.667185+00:00,3520.490167736123
2025-08-07 17:18:12.667185+00:00,3520.490167736123
2025-08-07 17:48:12.667185+00:00,3520.490167736123
2025-08-07 18:18:12.667185+00:00,3520.490167736123
2025-08-07 18:48:12.667185+00:00,3520.490167736123
2025-08-07 19:18:12.667185+00:00,3520.490167736123
2025-08-07 19:48:12.667185+00:00,3520.490167736123
2025-08-07 20:18:12.667185+00:00,3520.490167736123
2025-08-07 20:48:12.667185+00:00,3520.490167736123
2025-08-07 21:18:12.667185+00:00,3520.490167736123
2025-08-07 21:48:12.667185+00:00,3520.490167736123
2025-08-07 22:18:12.667185+00:00,3520.490167736123
2025-08-07 22:48:12.667185+00:00,3520.490167736123
2025-08-07 23:18:12.667185+00:00,3520.490167736123
2025-08-07 23:48:12.667185+00:00,3520.490167736123
2025-08-08 00:18:12.667185+00:00,3520.490167736123
2025-08-08 00:48:12.667185+00:00,3520.490167736123
2025-08-08 01:18:12.667185+00:00,3520.490167736123
2025-08-08 01:48:12.667185+00:00,3520.490167736123
2025-08-08 02:18:12.667185+00:00,3520.490167736123
2025-08-08 02:48:12.667185+00:00,3520.490167736123
2025-08-08 03:18:12.667185+00:00,3520.490167736123
2025-08-08 03:48:12.667185+00:00,3520.490167736123
2025-08-08 04:18:12.667185+00:00,3520.490167736123
2025-08-08 04:48:12.667185+00:00,3520.490167736123
2025-08-08 05:18:12.667185+00:00,3520.490167736123
2025-08-08 05:48:12.667185+00:00,3520.490167736123
2025-08-08 06:18:12.667185+00:00,3520.490167736123
2025-08-08 06:48:12.667185+00:00,3520.490167736123
2025-08-08 07:18:12.667185+00:00,3520.490167736123
2025-08-08 07:48:12.667185+00:00,3520.490167736123
2025-08-08 08:18:12.667185+00:00,3520.490167736123
2025-08-08 08:48:12.667185+00:00,3520.490167736123
2025-08-08 09:18:12.667185+00:00,3520.490167736123
2025-08-08 09:48:12.667185+00:00,3520.490167736123
2025-08-08 10:18:12.667185+00:00,3520.490167736123
2025-08-08 10:48:12.667185+00:00,3520.490167736123
2025-08-08 11:18:12.667185+00:00,3520.490167736123
2025-08-08 11:48:12.667185+00:00,3520.490167736123
2025-08-08 12:18:12.667185+00:00,3520.490167736123
2025-08-08 12:48:12.667185+00:00,3520.490167736123
2025-08-08 13:18:12.667185+00:00,3520.490167736123
2025-08-08 13:48:12.667185+00:00,3520.490167736123
2025-08-08 14:18:12.667185+00:00,3520.490167736123
2025-08-08 14:48:12.667185+00:00,3520.490167736123
2025-08-08 15:18:12.667185+00:00,3520.490167736123
2025-08-08 15:48:12.667185+00:00,3520.490167736123
2025-08-08 16:18:12.667185+00:00,3520.490167736123
2025-08-08 16:48:12.667185+00:00,3520.490167736123
2025-08-08 17:18:12.667185+00:00,3520.490167736123
2025-08-08 17:48:12.667185+00:00,3520.490167736123
2025-08-08 18:18:12.667185+00:00,3520.490167736123
2025-08-08 18:48:12.667185+00:00,3520.490167736123
2025-08-08 19:18:12.667185+00:00,3520.490167736123
2025-08-08 19:48:12.667185+00:00,3520.490167736123
2025-08-08 20:18:12.667185+00:00,3520.490167736123
2025-08-08 20:48:12.667185+00:00,3520.490167736123
2025-08-08 21:18:12.667185+00:00,3520.490167736123
2025-08-08 21:48:12.667185+00:00,3520.490167736123
2025-08-08 22:18:12.667185+00:00,3520.490167736123
2025-08-08 22:48:12.667185+00:00,3520.490167736123
2025-08-08 23:18:12.667185+00:00,3520.490167736123
2025-08-08 23:48:12.667185+00:00,3520.490167736123
2025-08-09 00:18:12.667185+00:00,3464.4185004996802
2025-08-09 00:48:12.667185+00:00,3497.663771491657
2025-08-09 01:18:12.667185+00:00,3506.851945559728
2025-08-09 01:48:12.667185+00:00,3511.6985532574695
2025-08-09 02:18:12.667185+00:00,3524.8558715936224
2025-08-09 02:48:12.667185+00:00,3536.6793804179392
2025-08-09 03:18:12.667185+00:00,3541.403374338244
2025-08-09 03:48:12.667185+00:00,3586.3430147786466
2025-08-09 04:18:12.667185+00:00,3590.317150731404
2025-08-09 04:48:12.667185+00:00,3528.225326888108
2025-08-09 05:18:12.667185+00:00,3529.8663424615256
2025-08-09 05:48:12.667185+00:00,3515.741736614734
2025-08-09 06:18:12.667185+00:00,3571.4067887972524
2025-08-09 06:48:12.667185+00:00,3637.4122663697945
2025-08-09 07:18:12.667185+00:00,3667.8269195273065
2025-08-09 07:48:12.667185+00:00,3646.765702173534
2025-08-09 08:18:12.667185+00:00,3629.282897235158
2025-08-09 08:48:12.667185+00:00,3614.7249379788536
2025-08-09 09:18:12.667185+00:00,3633.0561281819832
2025-08-09 09:48:12.667185+00:00,3644.468065792343
2025-08-09 10:18:12.667185+00:00,3680.1479544741974
2025-08-09 10:48:12.667185+00:00,3734.324598083596
2025-08-09 11:18:12.667185+00:00,3758.723100371045
2025-08-09 11:48:12.667185+00:00,3810.3527843403112
2025-08-09 12:18:12.667185+00:00,3759.974012353984
2025-08-09 12:48:12.667185+00:00,3805.258577403012
2025-08-09 13:18:12.667185+00:00,3884.046951451268
2025-08-09 13:48:12.667185+00:00,3894.3553037447505
2025-08-09 14:18:12.667185+00:00,3853.28288894523
2025-08-09 14:48:12.667185+00:00,3865.895470794629
2025-08-09 15:18:12.667185+00:00,3792.38355814183
2025-08-09 15:48:12.667185+00:00,3798.955266709093
2025-08-09 16:18:12.667185+00:00,3844.059352791782
2025-08-09 16:48:12.667185+00:00,3845.479546728066
2025-08-09 17:18:12.667185+00:00,3846.546013671217
2025-08-09 17:48:12.667185+00:00,3853.8707770604046
2025-08-09 18:18:12.667185+00:00,3820.394077520682
2025-08-09 18:48:12.667185+00:00,3839.9232308765013
2025-08-09 19:18:12.667185+00:00,3826.4177901005473
2025-08-09 19:48:12.667185+00:00,3827.4698370191286
2025-08-09 20:18:12.667185+00:00,3815.5224296908586
2025-08-09 20:48:12.667185+00:00,3853.8364988513686
2025-08-09 21:18:12.667185+00:00,3871.853212483597
2025-08-09 21:48:12.667185+00:00,3840.199295634725
2025-08-09 22:18:12.667185+00:00,3795.6633390289494
2025-08-09 22:48:12.667185+00:00,3771.1899135313624
2025-08-09 23:18:12.667185+00:00,3858.6075091533216
2025-08-09 23:48:12.667185+00:00,3796.035622277256
2025-08-10 00:18:12.667185+00:00,3805.891260798253
2025-08-10 00:48:12.667185+00:00,3807.7396163987737
2025-08-10 01:18:12.667185+00:00,3787.5669358956793
2025-08-10 01:48:12.667185+00:00,3791.1396206695986
2025-08-10 02:18:12.667185+00:00,3776.9701852127373
2025-08-10 02:48:12.667185+00:00,3791.558790743884
2025-08-10 03:18:12.667185+00:00,3824.454742754101
2025-08-10 03:48:12.667185+00:00,3894.2151185034145
2025-08-10 04:18:12.667185+00:00,3804.167397247187
2025-08-10 04:48:12.667185+00:00,3820.1984253486016
2025-08-10 05:18:12.667185+00:00,3791.847145336038
2025-08-10 05:48:12.667185+00:00,3819.153917923401
2025-08-10 06:18:12.667185+00:00,3834.790887437336
2025-08-10 06:48:12.667185+00:00,3793.4986823852632
2025-08-10 07:18:12.667185+00:00,3773.1773497204513
2025-08-10 07:48:12.667185+00:00,3793.4580251882076
2025-08-10 08:18:12.667185+00:00,3784.5929014702074
2025-08-10 08:48:12.667185+00:00,3772.0377071589205
2025-08-10 09:18:12.667185+00:00,3821.618926705372
2025-08-10 09:48:12.667185+00:00,3838.785255212469
2025-08-10 10:18:12.667185+00:00,3800.6013788233595
2025-08-10 10:48:12.667185+00:00,3802.811050328017
2025-08-10 11:18:12.667185+00:00,3819.20044766212
2025-08-10 11:48:12.667185+00:00,3851.9863953415856
2025-08-10 12:18:12.667185+00:00,3930.0219791982295
2025-08-10 12:48:12.667185+00:00,3893.765086158618
2025-08-10 13:18:12.667185+00:00,3874.841885408577
2025-08-10 13:48:12.667185+00:00,3903.085198030079
2025-08-10 14:18:12.667185+00:00,3893.4084162247646
2025-08-10 14:48:12.667185+00:00,3888.302831441417
2025-08-10 15:18:12.667185+00:00,3906.2731286538606
2025-08-10 15:48:12.667185+00:00,3898.9545584098837
2025-08-10 16:18:12.667185+00:00,3947.525020348661
2025-08-10 16:48:12.667185+00:00,3953.178635315566
2025-08-10 17:18:12.667185+00:00,3977.992620564006
2025-08-10 17:48:12.667185+00:00,3994.6784500978274
2025-08-10 18:18:12.667185+00:00,3983.4454212389123
2025-08-10 18:48:12.667185+00:00,4010.9879835442493
2025-08-10 19:18:12.667185+00:00,4004.746172964559
2025-08-10 19:48:12.667185+00:00,4008.445915865395
2025-08-10 20:18:12.667185+00:00,4092.764185139026
2025-08-10 20:48:12.667185+00:00,4122.568479157676
2025-08-10 21:18:12.667185+00:00,4123.495142480577
2025-08-10 21:48:12.667185+00:00,4142.661699452748
2025-08-10 22:18:12.667185+00:00,4088.4454477651284
2025-08-10 22:48:12.667185+00:00,4046.3449327280887
2025-08-10 23:18:12.667185+00:00,4026.527145084097
2025-08-10 23:48:12.667185+00:00,3949.5620062775115
2025-08-11 00:18:12.667185+00:00,3925.120660239339
2025-08-11 00:48:12.667185+00:00,3981.64876846972
2025-08-11 01:18:12.667185+00:00,3947.559615506256
2025-08-11 01:48:12.667185+00:00,3995.862320247333
2025-08-11 02:18:12.667185+00:00,3992.723342539694
2025-08-11 02:48:12.667185+00:00,3984.66642679729
2025-08-11 03:18:12.667185+00:00,3995.0695650114935
2025-08-11 03:48:12.667185+00:00,3973.5535691411196
2025-08-11 04:18:12.667185+00:00,3944.598396648853
2025-08-11 04:48:12.667185+00:00,3964.361403733474
2025-08-11 05:18:12.667185+00:00,3925.5663268598164
2025-08-11 05:48:12.667185+00:00,3920.4390607917458
2025-08-11 06:18:12.667185+00:00,3943.4476299527287
2025-08-11 06:48:12.667185+00:00,3871.9412960388904
2025-08-11 07:18:12.667185+00:00,3814.983023950548
2025-08-11 07:48:12.667185+00:00,3857.239333471431
2025-08-11 08:18:12.667185+00:00,3946.2683193840285
2025-08-11 08:48:12.667185+00:00,3935.949713979603
2025-08-11 09:18:12.667185+00:00,3973.6817097339826
2025-08-11 09:48:12.667185+00:00,3942.5463600692865
2025-08-11 10:18:12.667185+00:00,3996.4397497573286
2025-08-11 10:48:12.667185+00:00,3951.2394700677146
2025-08-11 11:18:12.667185+00:00,3891.834717550688
2025-08-11 11:48:12.667185+00:00,3884.539521006661
2025-08-11 12:18:12.667185+00:00,3918.960413280122
2025-08-11 12:48:12.667185+00:00,3984.823709496416
2025-08-11 13:18:12.667185+00:00,3960.2553037395483
2025-08-11 13:48:12.667185+00:00,3967.0759352609653
2025-08-11 14:18:12.667185+00:00,3995.9435125678124
2025-08-11 14:48:12.667185+00:00,3997.969113473706
2025-08-11 15:18:12.667185+00:00,4009.144685439893
2025-08-11 15:48:12.667185+00:00,3938.530380588459
2025-08-11 16:18:12.667185+00:00,3846.654522474768
2025-08-11 16:48:12.667185+00:00,3836.1697824920648
2025-08-11 17:18:12.667185+00:00,3845.6845422681045
2025-08-11 17:48:12.667185+00:00,3857.8906387493826
2025-08-11 18:18:12.667185+00:00,3842.1736749564343
2025-08-11 18:48:12.667185+00:00,3838.331501281478
2025-08-11 19:18:12.667185+00:00,3838.331501281478
2025-08-11 19:48:12.667185+00:00,3838.331501281478
2025-08-11 20:18:12.667185+00:00,3838.331501281478
2025-08-11 20:48:12.667185+00:00,3838.331501281478
2025-08-11 21:18:12.667185+00:00,3838.331501281478
2025-08-11 21:48:12.667185+00:00,3838.331501281478
2025-08-11 22:18:12.667185+00:00,3838.331501281478
2025-08-11 22:48:12.667185+00:00,3838.331501281478
2025-08-11 23:18:12.667185+00:00,3838.331501281478
2025-08-11 23:48:12.667185+00:00,3838.331501281478
2025-08-12 00:18:12.667185+00:00,3838.331501281478
2025-08-12 00:48:12.667185+00:00,3838.331501281478
2025-08-12 01:18:12.667185+00:00,3838.331501281478
2025-08-12 01:48:12.667185+00:00,3838.331501281478
2025-08-12 02:18:12.667185+00:00,3838.331501281478
2025-08-12 02:48:12.667185+00:00,3838.331501281478
2025-08-12 03:18:12.667185+00:00,3838.331501281478
2025-08-12 03:48:12.667185+00:00,3838.331501281478
2025-08-12 04:18:12.667185+00:00,3838.331501281478
2025-08-12 04:48:12.667185+00:00,3838.331501281478
2025-08-12 05:18:12.667185+00:00,3838.331501281478
2025-08-12 05:48:12.667185+00:00,3838.331501281478
2025-08-12 06:18:12.667185+00:00,3838.331501281478
2025-08-12 06:48:12.667185+00:00,3838.331501281478
2025-08-12 07:18:12.667185+00:00,3838.331501281478
2025-08-12 07:48:12.667185+00:00,3838.331501281478
2025-08-12 08:18:12.667185+00:00,3838.331501281478
2025-08-12 08:48:12.667185+00:00,3838.331501281478
2025-08-12 09:18:12.667185+00:00,3838.331501281478
2025-08-12 09:48:12.667185+00:00,3838.331501281478
2025-08-12 10:18:12.667185+00:00,3838.331501281478
2025-08-12 10:48:12.667185+00:00,3838.331501281478
2025-08-12 11:18:12.667185+00:00,3838.331501281478
2025-08-12 11:48:12.667185+00:00,3838.331501281478
2025-08-12 12:18:12.667185+00:00,3838.331501281478
2025-08-12 12:48:12.667185+00:00,3838.331501281478
2025-08-12 13:18:12.667185+00:00,3838.331501281478
2025-08-12 13:48:12.667185+00:00,3838.331501281478
2025-08-12 14:18:12.667185+00:00,3838.331501281478
2025-08-12 14:48:12.667185+00:00,3838.331501281478
2025-08-12 15:18:12.667185+00:00,3838.331501281478
2025-08-12 15:48:12.667185+00:00,3838.331501281478
2025-08-12 16:18:12.667185+00:00,3838.331501281478
2025-08-12 16:48:12.667185+00:00,3838.331501281478
2025-08-12 17:18:12.667185+00:00,3838.331501281478
2025-08-12 17:48:12.667185+00:00,3838.331501281478
2025-08-12 18:18:12.667185+00:00,3838.331501281478
2025-08-12 18:48:12.667185+00:00,3838.331501281478
