timestamp,drawdown
2025-07-13 03:49:49.346140+00:00,0.0
2025-07-13 04:19:49.346140+00:00,0.0
2025-07-13 04:49:49.346140+00:00,0.0
2025-07-13 05:19:49.346140+00:00,0.0
2025-07-13 05:49:49.346140+00:00,0.0
2025-07-13 06:19:49.346140+00:00,0.0
2025-07-13 06:49:49.346140+00:00,0.0
2025-07-13 07:19:49.346140+00:00,0.0
2025-07-13 07:49:49.346140+00:00,0.0
2025-07-13 08:19:49.346140+00:00,0.0
2025-07-13 08:49:49.346140+00:00,0.0
2025-07-13 09:19:49.346140+00:00,0.0
2025-07-13 09:49:49.346140+00:00,0.0
2025-07-13 10:19:49.346140+00:00,0.0
2025-07-13 10:49:49.346140+00:00,0.0
2025-07-13 11:19:49.346140+00:00,0.0
2025-07-13 11:49:49.346140+00:00,0.0
2025-07-13 12:19:49.346140+00:00,0.0
2025-07-13 12:49:49.346140+00:00,0.0
2025-07-13 13:19:49.346140+00:00,0.0
2025-07-13 13:49:49.346140+00:00,0.0
2025-07-13 14:19:49.346140+00:00,0.0
2025-07-13 14:49:49.346140+00:00,0.0
2025-07-13 15:19:49.346140+00:00,0.0
2025-07-13 15:49:49.346140+00:00,0.0
2025-07-13 16:19:49.346140+00:00,0.0
2025-07-13 16:49:49.346140+00:00,0.0
2025-07-13 17:19:49.346140+00:00,0.0
2025-07-13 17:49:49.346140+00:00,0.0
2025-07-13 18:19:49.346140+00:00,0.0
2025-07-13 18:49:49.346140+00:00,-0.00801037433418783
2025-07-13 19:19:49.346140+00:00,-0.006489136467164092
2025-07-13 19:49:49.346140+00:00,0.0
2025-07-13 20:19:49.346140+00:00,0.0
2025-07-13 20:49:49.346140+00:00,-0.025890628826192752
2025-07-13 21:19:49.346140+00:00,-0.029929795759836453
2025-07-13 21:49:49.346140+00:00,-0.027035623109367246
2025-07-13 22:19:49.346140+00:00,-0.02849733240964414
2025-07-13 22:49:49.346140+00:00,-0.028171382582731552
2025-07-13 23:19:49.346140+00:00,-0.029074555821610226
2025-07-13 23:49:49.346140+00:00,-0.01827960694566455
2025-07-14 00:19:49.346140+00:00,-0.040694982081302844
2025-07-14 00:49:49.346140+00:00,-0.054778092208159324
2025-07-14 01:19:49.346140+00:00,-0.041180481128690216
2025-07-14 01:49:49.346140+00:00,-0.04482808201791311
2025-07-14 02:19:49.346140+00:00,-0.04042312612804977
2025-07-14 02:49:49.346140+00:00,-0.04358767141540432
2025-07-14 03:19:49.346140+00:00,-0.05177643301227164
2025-07-14 03:49:49.346140+00:00,-0.056188258840888405
2025-07-14 04:19:49.346140+00:00,-0.03726360441840115
2025-07-14 04:49:49.346140+00:00,-0.029745713199689328
2025-07-14 05:19:49.346140+00:00,-0.013165615278015186
2025-07-14 05:49:49.346140+00:00,-0.016924178112207477
2025-07-14 06:19:49.346140+00:00,-0.006804461498302605
2025-07-14 06:49:49.346140+00:00,-0.012179261876406833
2025-07-14 07:19:49.346140+00:00,-0.008990990169219892
2025-07-14 07:49:49.346140+00:00,-0.01600988078229615
2025-07-14 08:19:49.346140+00:00,-0.014478946655529734
2025-07-14 08:49:49.346140+00:00,-0.021333325723968954
2025-07-14 09:19:49.346140+00:00,-0.0239384700508134
2025-07-14 09:49:49.346140+00:00,-0.0192290130354974
2025-07-14 10:19:49.346140+00:00,-0.032490774205125805
2025-07-14 10:49:49.346140+00:00,-0.03810409877384424
2025-07-14 11:19:49.346140+00:00,-0.057775327311710645
2025-07-14 11:49:49.346140+00:00,-0.06211581457829629
2025-07-14 12:19:49.346140+00:00,-0.05798645766602839
2025-07-14 12:49:49.346140+00:00,-0.062229773774827746
2025-07-14 13:19:49.346140+00:00,-0.058085534828213325
2025-07-14 13:49:49.346140+00:00,-0.06421517343584271
2025-07-14 14:19:49.346140+00:00,-0.061090882502200294
2025-07-14 14:49:49.346140+00:00,-0.06601691324434888
2025-07-14 15:19:49.346140+00:00,-0.05297904234733308
2025-07-14 15:49:49.346140+00:00,-0.04883458069975777
2025-07-14 16:19:49.346140+00:00,-0.05064651974148826
2025-07-14 16:49:49.346140+00:00,-0.055535552597786864
2025-07-14 17:19:49.346140+00:00,-0.06695812711074756
2025-07-14 17:49:49.346140+00:00,-0.05684728518975468
2025-07-14 18:19:49.346140+00:00,-0.0660080022208751
2025-07-14 18:49:49.346140+00:00,-0.040384851330854565
2025-07-14 19:19:49.346140+00:00,-0.038348842249616655
2025-07-14 19:49:49.346140+00:00,-0.0474899686169562
2025-07-14 20:19:49.346140+00:00,-0.04790295908556086
2025-07-14 20:49:49.346140+00:00,-0.034746012968256856
2025-07-14 21:19:49.346140+00:00,-0.03148571690545077
2025-07-14 21:49:49.346140+00:00,-0.035043677690787645
2025-07-14 22:19:49.346140+00:00,-0.03055695646903611
2025-07-14 22:49:49.346140+00:00,-0.03265778164847166
2025-07-14 23:19:49.346140+00:00,-0.0376370092628775
2025-07-14 23:49:49.346140+00:00,-0.03422437610424511
2025-07-15 00:19:49.346140+00:00,-0.011971865996338704
2025-07-15 00:49:49.346140+00:00,-0.004438388741561328
2025-07-15 01:19:49.346140+00:00,-0.01685350418642162
2025-07-15 01:49:49.346140+00:00,-0.021034157008240295
2025-07-15 02:19:49.346140+00:00,-0.025117918198425904
2025-07-15 02:49:49.346140+00:00,-0.02087173111698959
2025-07-15 03:19:49.346140+00:00,-0.021132447028277546
2025-07-15 03:49:49.346140+00:00,-0.025214622466454006
2025-07-15 04:19:49.346140+00:00,-0.0415068924853913
2025-07-15 04:49:49.346140+00:00,-0.04260009787206098
2025-07-15 05:19:49.346140+00:00,-0.04821254865792235
2025-07-15 05:49:49.346140+00:00,-0.04356643602188015
2025-07-15 06:19:49.346140+00:00,-0.06083814657951103
2025-07-15 06:49:49.346140+00:00,-0.06652285004583025
2025-07-15 07:19:49.346140+00:00,-0.059029983679253606
2025-07-15 07:49:49.346140+00:00,-0.05982910317873069
2025-07-15 08:19:49.346140+00:00,-0.07324249538115912
2025-07-15 08:49:49.346140+00:00,-0.06958987048985987
2025-07-15 09:19:49.346140+00:00,-0.04639061040228287
2025-07-15 09:49:49.346140+00:00,-0.0588349013402345
2025-07-15 10:19:49.346140+00:00,-0.05884095555499824
2025-07-15 10:49:49.346140+00:00,-0.050860901948441506
2025-07-15 11:19:49.346140+00:00,-0.049373581337936234
2025-07-15 11:49:49.346140+00:00,-0.03923570700254142
2025-07-15 12:19:49.346140+00:00,-0.04638279145202262
2025-07-15 12:49:49.346140+00:00,-0.04135358906899034
2025-07-15 13:19:49.346140+00:00,-0.044047770624824456
2025-07-15 13:49:49.346140+00:00,-0.016361268381744898
2025-07-15 14:19:49.346140+00:00,-0.03372678388639694
2025-07-15 14:49:49.346140+00:00,-0.009677002288553838
2025-07-15 15:19:49.346140+00:00,-0.009827500784086007
2025-07-15 15:49:49.346140+00:00,-0.009514574057005953
2025-07-15 16:19:49.346140+00:00,-0.0023551298681036004
2025-07-15 16:49:49.346140+00:00,0.0
2025-07-15 17:19:49.346140+00:00,0.0
2025-07-15 17:49:49.346140+00:00,0.0
2025-07-15 18:19:49.346140+00:00,0.0
2025-07-15 18:49:49.346140+00:00,0.0
2025-07-15 19:19:49.346140+00:00,0.0
2025-07-15 19:49:49.346140+00:00,-0.007279021330578672
2025-07-15 20:19:49.346140+00:00,-0.012997110176917515
2025-07-15 20:49:49.346140+00:00,-0.00777867127079912
2025-07-15 21:19:49.346140+00:00,0.0
2025-07-15 21:49:49.346140+00:00,-0.003887347890977666
2025-07-15 22:19:49.346140+00:00,-0.012544526927999566
2025-07-15 22:49:49.346140+00:00,-0.018832583218260868
2025-07-15 23:19:49.346140+00:00,-0.04610181100879818
2025-07-15 23:49:49.346140+00:00,-0.041384835979867196
2025-07-16 00:19:49.346140+00:00,-0.03778959115647651
2025-07-16 00:49:49.346140+00:00,-0.03253206164576128
2025-07-16 01:19:49.346140+00:00,-0.04634482265608919
2025-07-16 01:49:49.346140+00:00,-0.03439620230267004
2025-07-16 02:19:49.346140+00:00,-0.03717310372872551
2025-07-16 02:49:49.346140+00:00,-0.055997573871954476
2025-07-16 03:19:49.346140+00:00,-0.04903786002517119
2025-07-16 03:49:49.346140+00:00,-0.0634136348917268
2025-07-16 04:19:49.346140+00:00,-0.05056673261683842
2025-07-16 04:49:49.346140+00:00,-0.05160385000654
2025-07-16 05:19:49.346140+00:00,-0.0460746128625128
2025-07-16 05:49:49.346140+00:00,-0.044076171999574254
2025-07-16 06:19:49.346140+00:00,-0.05098019057457559
2025-07-16 06:49:49.346140+00:00,-0.06093867760888094
2025-07-16 07:19:49.346140+00:00,-0.05901211424219255
2025-07-16 07:49:49.346140+00:00,-0.05773567757001863
2025-07-16 08:19:49.346140+00:00,-0.06202066432183895
2025-07-16 08:49:49.346140+00:00,-0.058579054307159706
2025-07-16 09:19:49.346140+00:00,-0.0638369794336281
2025-07-16 09:49:49.346140+00:00,-0.07147661583039999
2025-07-16 10:19:49.346140+00:00,-0.05125494402120323
2025-07-16 10:49:49.346140+00:00,-0.03605402018162096
2025-07-16 11:19:49.346140+00:00,-0.04664412850434063
2025-07-16 11:49:49.346140+00:00,-0.02331090733197294
2025-07-16 12:19:49.346140+00:00,-0.026662881843699138
2025-07-16 12:49:49.346140+00:00,-0.03234905250950182
2025-07-16 13:19:49.346140+00:00,-0.02842263971683545
2025-07-16 13:49:49.346140+00:00,-0.028814241707133648
2025-07-16 14:19:49.346140+00:00,-0.04382147240353673
2025-07-16 14:49:49.346140+00:00,-0.05557574899538087
2025-07-16 15:19:49.346140+00:00,-0.04802799091520482
2025-07-16 15:49:49.346140+00:00,-0.0489095310939488
2025-07-16 16:19:49.346140+00:00,-0.07811508325756611
2025-07-16 16:49:49.346140+00:00,-0.08004324219203762
2025-07-16 17:19:49.346140+00:00,-0.08070684846298792
2025-07-16 17:49:49.346140+00:00,-0.07001213868595868
2025-07-16 18:19:49.346140+00:00,-0.06550755101812189
2025-07-16 18:49:49.346140+00:00,-0.0719621893383392
2025-07-16 19:19:49.346140+00:00,-0.07110871126274332
2025-07-16 19:49:49.346140+00:00,-0.06816316113746768
2025-07-16 20:19:49.346140+00:00,-0.07827610779932936
2025-07-16 20:49:49.346140+00:00,-0.08294823354737602
2025-07-16 21:19:49.346140+00:00,-0.09760328531206675
2025-07-16 21:49:49.346140+00:00,-0.08575573251350777
2025-07-16 22:19:49.346140+00:00,-0.09190446190472512
2025-07-16 22:49:49.346140+00:00,-0.11412760425357027
2025-07-16 23:19:49.346140+00:00,-0.11756553704609396
2025-07-16 23:49:49.346140+00:00,-0.10349418530162946
2025-07-17 00:19:49.346140+00:00,-0.0878378154119005
2025-07-17 00:49:49.346140+00:00,-0.07997740683104893
2025-07-17 01:19:49.346140+00:00,-0.08632151437597702
2025-07-17 01:49:49.346140+00:00,-0.08471536183933803
2025-07-17 02:19:49.346140+00:00,-0.10849214699616605
2025-07-17 02:49:49.346140+00:00,-0.10849734095348185
2025-07-17 03:19:49.346140+00:00,-0.12700628015661042
2025-07-17 03:49:49.346140+00:00,-0.10611706901574536
2025-07-17 04:19:49.346140+00:00,-0.1035212949956511
2025-07-17 04:49:49.346140+00:00,-0.10683880195207751
2025-07-17 05:19:49.346140+00:00,-0.10296242586547344
2025-07-17 05:49:49.346140+00:00,-0.10281470797093095
2025-07-17 06:19:49.346140+00:00,-0.10039020611774585
2025-07-17 06:49:49.346140+00:00,-0.11980468808892197
2025-07-17 07:19:49.346140+00:00,-0.11977260135206735
2025-07-17 07:49:49.346140+00:00,-0.12452416650081755
2025-07-17 08:19:49.346140+00:00,-0.12586729688436304
2025-07-17 08:49:49.346140+00:00,-0.1073400596346401
2025-07-17 09:19:49.346140+00:00,-0.10347953838300517
2025-07-17 09:49:49.346140+00:00,-0.12005262168415742
2025-07-17 10:19:49.346140+00:00,-0.12634158634109904
2025-07-17 10:49:49.346140+00:00,-0.11899858220336046
2025-07-17 11:19:49.346140+00:00,-0.1216497078162937
2025-07-17 11:49:49.346140+00:00,-0.11413119419014583
2025-07-17 12:19:49.346140+00:00,-0.1145325207288117
2025-07-17 12:49:49.346140+00:00,-0.11975367283007643
2025-07-17 13:19:49.346140+00:00,-0.12793410967017127
2025-07-17 13:49:49.346140+00:00,-0.1350022084725525
2025-07-17 14:19:49.346140+00:00,-0.1284023229874739
2025-07-17 14:49:49.346140+00:00,-0.14844559236978883
2025-07-17 15:19:49.346140+00:00,-0.14641856665153163
2025-07-17 15:49:49.346140+00:00,-0.15055207980968377
2025-07-17 16:19:49.346140+00:00,-0.14441421201716975
2025-07-17 16:49:49.346140+00:00,-0.13758759177436697
2025-07-17 17:19:49.346140+00:00,-0.12914321967426534
2025-07-17 17:49:49.346140+00:00,-0.12367788406235802
2025-07-17 18:19:49.346140+00:00,-0.13187964878018843
2025-07-17 18:49:49.346140+00:00,-0.1303208995494285
2025-07-17 19:19:49.346140+00:00,-0.14770601514121884
2025-07-17 19:49:49.346140+00:00,-0.14419747628367086
2025-07-17 20:19:49.346140+00:00,-0.1386082021970585
2025-07-17 20:49:49.346140+00:00,-0.13370273057332271
2025-07-17 21:19:49.346140+00:00,-0.13461446228008755
2025-07-17 21:49:49.346140+00:00,-0.13631069258527995
2025-07-17 22:19:49.346140+00:00,-0.13771560228425772
2025-07-17 22:49:49.346140+00:00,-0.1231512546087814
2025-07-17 23:19:49.346140+00:00,-0.10676213917991939
2025-07-17 23:49:49.346140+00:00,-0.09133584523156757
2025-07-18 00:19:49.346140+00:00,-0.08371666875323891
2025-07-18 00:49:49.346140+00:00,-0.08959866899376956
2025-07-18 01:19:49.346140+00:00,-0.09842294442819022
2025-07-18 01:49:49.346140+00:00,-0.10901450424301906
2025-07-18 02:19:49.346140+00:00,-0.10879418854983158
2025-07-18 02:49:49.346140+00:00,-0.10317857950815246
2025-07-18 03:19:49.346140+00:00,-0.09833923410990408
2025-07-18 03:49:49.346140+00:00,-0.09631294717538075
2025-07-18 04:19:49.346140+00:00,-0.07865335883586377
2025-07-18 04:49:49.346140+00:00,-0.08730050896019359
2025-07-18 05:19:49.346140+00:00,-0.08411041783106143
2025-07-18 05:49:49.346140+00:00,-0.0792784555895133
2025-07-18 06:19:49.346140+00:00,-0.0702843499902801
2025-07-18 06:49:49.346140+00:00,-0.08183737372943867
2025-07-18 07:19:49.346140+00:00,-0.08252700576552674
2025-07-18 07:49:49.346140+00:00,-0.08773303010766997
2025-07-18 08:19:49.346140+00:00,-0.07917696359778692
2025-07-18 08:49:49.346140+00:00,-0.0892936096187209
2025-07-18 09:19:49.346140+00:00,-0.08358362075957426
2025-07-18 09:49:49.346140+00:00,-0.08789434179588373
2025-07-18 10:19:49.346140+00:00,-0.08508194118190193
2025-07-18 10:49:49.346140+00:00,-0.09322992217962378
2025-07-18 11:19:49.346140+00:00,-0.08090975491722086
2025-07-18 11:49:49.346140+00:00,-0.08184044863132467
2025-07-18 12:19:49.346140+00:00,-0.08892543525932073
2025-07-18 12:49:49.346140+00:00,-0.09234458922308209
2025-07-18 13:19:49.346140+00:00,-0.11071926080894057
2025-07-18 13:49:49.346140+00:00,-0.1062013709742039
2025-07-18 14:19:49.346140+00:00,-0.07790434064945961
2025-07-18 14:49:49.346140+00:00,-0.08634674376599183
2025-07-18 15:19:49.346140+00:00,-0.08472018834431116
2025-07-18 15:49:49.346140+00:00,-0.07658656397144892
2025-07-18 16:19:49.346140+00:00,-0.07160565064137547
2025-07-18 16:49:49.346140+00:00,-0.06653498464922736
2025-07-18 17:19:49.346140+00:00,-0.056000098872870385
2025-07-18 17:49:49.346140+00:00,-0.07182482589509986
2025-07-18 18:19:49.346140+00:00,-0.06919564324616734
2025-07-18 18:49:49.346140+00:00,-0.07185209355206335
2025-07-18 19:19:49.346140+00:00,-0.0627889539819213
2025-07-18 19:49:49.346140+00:00,-0.059863325861273964
2025-07-18 20:19:49.346140+00:00,-0.0510057719891257
2025-07-18 20:49:49.346140+00:00,-0.0608074663762046
2025-07-18 21:19:49.346140+00:00,-0.055915994222554444
2025-07-18 21:49:49.346140+00:00,-0.04397301135348852
2025-07-18 22:19:49.346140+00:00,-0.049136626023900676
2025-07-18 22:49:49.346140+00:00,-0.040408232475863004
2025-07-18 23:19:49.346140+00:00,-0.047100938587083085
2025-07-18 23:49:49.346140+00:00,-0.034837291595507414
2025-07-19 00:19:49.346140+00:00,-0.037851444714819826
2025-07-19 00:49:49.346140+00:00,-0.041912400846996656
2025-07-19 01:19:49.346140+00:00,-0.038350499627674006
2025-07-19 01:49:49.346140+00:00,-0.03280726200006201
2025-07-19 02:19:49.346140+00:00,-0.03061322014862977
2025-07-19 02:49:49.346140+00:00,-0.03151602484192073
2025-07-19 03:19:49.346140+00:00,-0.03400132542693168
2025-07-19 03:49:49.346140+00:00,-0.03635459046556366
2025-07-19 04:19:49.346140+00:00,-0.03367753964325637
2025-07-19 04:49:49.346140+00:00,-0.03478401905748274
2025-07-19 05:19:49.346140+00:00,-0.02744730925158423
2025-07-19 05:49:49.346140+00:00,-0.021420252257142947
2025-07-19 06:19:49.346140+00:00,-0.029245942221551524
2025-07-19 06:49:49.346140+00:00,-0.025418309507901693
2025-07-19 07:19:49.346140+00:00,-0.031701278172310166
2025-07-19 07:49:49.346140+00:00,-0.015838064610035896
2025-07-19 08:19:49.346140+00:00,-0.0059896107516623776
2025-07-19 08:49:49.346140+00:00,-0.001360910577817065
2025-07-19 09:19:49.346140+00:00,0.0
2025-07-19 09:49:49.346140+00:00,-0.012009514768155483
2025-07-19 10:19:49.346140+00:00,-0.015837817929512887
2025-07-19 10:49:49.346140+00:00,-0.033640446756192044
2025-07-19 11:19:49.346140+00:00,-0.022037240436148964
2025-07-19 11:49:49.346140+00:00,-0.021990842690276513
2025-07-19 12:19:49.346140+00:00,-0.002965423433861303
2025-07-19 12:49:49.346140+00:00,-0.0160735825713898
2025-07-19 13:19:49.346140+00:00,-0.009551666714953333
2025-07-19 13:49:49.346140+00:00,-0.03135928451224845
2025-07-19 14:19:49.346140+00:00,-0.03364094047594102
2025-07-19 14:49:49.346140+00:00,-0.028577066219612424
2025-07-19 15:19:49.346140+00:00,-0.03091543093271265
2025-07-19 15:49:49.346140+00:00,-0.02472689488088764
2025-07-19 16:19:49.346140+00:00,-0.0284406758968222
2025-07-19 16:49:49.346140+00:00,-0.025962439646417312
2025-07-19 17:19:49.346140+00:00,-0.02135601983888047
2025-07-19 17:49:49.346140+00:00,-0.046284036549744556
2025-07-19 18:19:49.346140+00:00,-0.049030534259146275
2025-07-19 18:49:49.346140+00:00,-0.06006330342268873
2025-07-19 19:19:49.346140+00:00,-0.08154611553143243
2025-07-19 19:49:49.346140+00:00,-0.08562055870974505
2025-07-19 20:19:49.346140+00:00,-0.1044073753448016
2025-07-19 20:49:49.346140+00:00,-0.10401441562611435
2025-07-19 21:19:49.346140+00:00,-0.10316199403459714
2025-07-19 21:49:49.346140+00:00,-0.12577178787529308
2025-07-19 22:19:49.346140+00:00,-0.13375145059390658
2025-07-19 22:49:49.346140+00:00,-0.12707358192749718
2025-07-19 23:19:49.346140+00:00,-0.13723023030002157
2025-07-19 23:49:49.346140+00:00,-0.12911441992940376
2025-07-20 00:19:49.346140+00:00,-0.1402112757688998
2025-07-20 00:49:49.346140+00:00,-0.14636656086145916
2025-07-20 01:19:49.346140+00:00,-0.15289517470540104
2025-07-20 01:49:49.346140+00:00,-0.16225711951820188
2025-07-20 02:19:49.346140+00:00,-0.15074258745661318
2025-07-20 02:49:49.346140+00:00,-0.15948814341060358
2025-07-20 03:19:49.346140+00:00,-0.1590567674936625
2025-07-20 03:49:49.346140+00:00,-0.1569306321137982
2025-07-20 04:19:49.346140+00:00,-0.15308986877065744
2025-07-20 04:49:49.346140+00:00,-0.16161943587826855
2025-07-20 05:19:49.346140+00:00,-0.15264725389910871
2025-07-20 05:49:49.346140+00:00,-0.16336292203172753
2025-07-20 06:19:49.346140+00:00,-0.18023272977881355
2025-07-20 06:49:49.346140+00:00,-0.18347773098151243
2025-07-20 07:19:49.346140+00:00,-0.17705028031557413
2025-07-20 07:49:49.346140+00:00,-0.17932855059732
2025-07-20 08:19:49.346140+00:00,-0.19387930956407418
2025-07-20 08:49:49.346140+00:00,-0.182750794436503
2025-07-20 09:19:49.346140+00:00,-0.16815574145071677
2025-07-20 09:49:49.346140+00:00,-0.16517692181049604
2025-07-20 10:19:49.346140+00:00,-0.17137967604895366
2025-07-20 10:49:49.346140+00:00,-0.17295012562829792
2025-07-20 11:19:49.346140+00:00,-0.18000866369018387
2025-07-20 11:49:49.346140+00:00,-0.1958438016649462
2025-07-20 12:19:49.346140+00:00,-0.18885866589628975
2025-07-20 12:49:49.346140+00:00,-0.1823327163143562
2025-07-20 13:19:49.346140+00:00,-0.17952028134040054
2025-07-20 13:49:49.346140+00:00,-0.19186075306668704
2025-07-20 14:19:49.346140+00:00,-0.19392723756251118
2025-07-20 14:49:49.346140+00:00,-0.19606886213833852
2025-07-20 15:19:49.346140+00:00,-0.2183505656585556
2025-07-20 15:49:49.346140+00:00,-0.22501454840366764
2025-07-20 16:19:49.346140+00:00,-0.23754276259133067
2025-07-20 16:49:49.346140+00:00,-0.23179224255914077
2025-07-20 17:19:49.346140+00:00,-0.23873698550420197
2025-07-20 17:49:49.346140+00:00,-0.2398269047950019
2025-07-20 18:19:49.346140+00:00,-0.23333248392290495
2025-07-20 18:49:49.346140+00:00,-0.23282559165745909
2025-07-20 19:19:49.346140+00:00,-0.23141045950670247
2025-07-20 19:49:49.346140+00:00,-0.22917274350052108
2025-07-20 20:19:49.346140+00:00,-0.22702492739370328
2025-07-20 20:49:49.346140+00:00,-0.22148008650436946
2025-07-20 21:19:49.346140+00:00,-0.23369766845790696
2025-07-20 21:49:49.346140+00:00,-0.23482053934657365
2025-07-20 22:19:49.346140+00:00,-0.2417451908680338
2025-07-20 22:49:49.346140+00:00,-0.23932005372457898
2025-07-20 23:19:49.346140+00:00,-0.24475428072062644
2025-07-20 23:49:49.346140+00:00,-0.24502609049911173
2025-07-21 00:19:49.346140+00:00,-0.24671542529205792
2025-07-21 00:49:49.346140+00:00,-0.2363448104493967
2025-07-21 01:19:49.346140+00:00,-0.23961312197309315
2025-07-21 01:49:49.346140+00:00,-0.2522123400078051
2025-07-21 02:19:49.346140+00:00,-0.24693639290604696
2025-07-21 02:49:49.346140+00:00,-0.24619887763504567
2025-07-21 03:19:49.346140+00:00,-0.25400435913008435
2025-07-21 03:49:49.346140+00:00,-0.2545264886106907
2025-07-21 04:19:49.346140+00:00,-0.2631602064584979
2025-07-21 04:49:49.346140+00:00,-0.2664732756293344
2025-07-21 05:19:49.346140+00:00,-0.2728036155776281
2025-07-21 05:49:49.346140+00:00,-0.280389138819678
2025-07-21 06:19:49.346140+00:00,-0.28781300975862756
2025-07-21 06:49:49.346140+00:00,-0.28630104694016145
2025-07-21 07:19:49.346140+00:00,-0.28423452898418633
2025-07-21 07:49:49.346140+00:00,-0.26458183263151813
2025-07-21 08:19:49.346140+00:00,-0.2628910284922662
2025-07-21 08:49:49.346140+00:00,-0.26155829235882766
2025-07-21 09:19:49.346140+00:00,-0.26769150182102874
2025-07-21 09:49:49.346140+00:00,-0.2701650604708752
2025-07-21 10:19:49.346140+00:00,-0.2760110417251892
2025-07-21 10:49:49.346140+00:00,-0.27790978403556843
2025-07-21 11:19:49.346140+00:00,-0.27373236562739733
2025-07-21 11:49:49.346140+00:00,-0.27764953348368215
2025-07-21 12:19:49.346140+00:00,-0.27331213591170245
2025-07-21 12:49:49.346140+00:00,-0.2733155391087575
2025-07-21 13:19:49.346140+00:00,-0.2592658742256747
2025-07-21 13:49:49.346140+00:00,-0.26795640443070556
2025-07-21 14:19:49.346140+00:00,-0.25300357217686853
2025-07-21 14:49:49.346140+00:00,-0.24857973101262598
2025-07-21 15:19:49.346140+00:00,-0.24874762002443973
2025-07-21 15:49:49.346140+00:00,-0.24603903805587524
2025-07-21 16:19:49.346140+00:00,-0.24736396591935084
2025-07-21 16:49:49.346140+00:00,-0.25191597095406837
2025-07-21 17:19:49.346140+00:00,-0.25428285490652214
2025-07-21 17:49:49.346140+00:00,-0.2597127486166385
2025-07-21 18:19:49.346140+00:00,-0.25019716681844817
2025-07-21 18:49:49.346140+00:00,-0.24847485448792717
2025-07-21 19:19:49.346140+00:00,-0.23806884015801044
2025-07-21 19:49:49.346140+00:00,-0.23607849994491426
2025-07-21 20:19:49.346140+00:00,-0.23446525233518023
2025-07-21 20:49:49.346140+00:00,-0.2374759614575055
2025-07-21 21:19:49.346140+00:00,-0.24604903357508057
2025-07-21 21:49:49.346140+00:00,-0.24003932562139818
2025-07-21 22:19:49.346140+00:00,-0.24606378651268357
2025-07-21 22:49:49.346140+00:00,-0.2406558709273996
2025-07-21 23:19:49.346140+00:00,-0.23059265111620386
2025-07-21 23:49:49.346140+00:00,-0.2339518530680451
2025-07-22 00:19:49.346140+00:00,-0.2251118658805783
2025-07-22 00:49:49.346140+00:00,-0.22366172740278734
2025-07-22 01:19:49.346140+00:00,-0.22467284961657885
2025-07-22 01:49:49.346140+00:00,-0.22602854366273417
2025-07-22 02:19:49.346140+00:00,-0.22802752258696746
2025-07-22 02:49:49.346140+00:00,-0.21536862937584422
2025-07-22 03:19:49.346140+00:00,-0.21401743883862878
2025-07-22 03:49:49.346140+00:00,-0.22850507212499827
2025-07-22 04:19:49.346140+00:00,-0.226264966505768
2025-07-22 04:49:49.346140+00:00,-0.23200405243155764
2025-07-22 05:19:49.346140+00:00,-0.2291278699971555
2025-07-22 05:49:49.346140+00:00,-0.22910100528237942
2025-07-22 06:19:49.346140+00:00,-0.2250836456445633
2025-07-22 06:49:49.346140+00:00,-0.21329690894826248
2025-07-22 07:19:49.346140+00:00,-0.22125036909317075
2025-07-22 07:49:49.346140+00:00,-0.22554565397059034
2025-07-22 08:19:49.346140+00:00,-0.22153240791079976
2025-07-22 08:49:49.346140+00:00,-0.21971044017573949
2025-07-22 09:19:49.346140+00:00,-0.220408426893544
2025-07-22 09:49:49.346140+00:00,-0.22570500748404987
2025-07-22 10:19:49.346140+00:00,-0.23685284795588113
2025-07-22 10:49:49.346140+00:00,-0.24778865334803957
2025-07-22 11:19:49.346140+00:00,-0.24085496767979486
2025-07-22 11:49:49.346140+00:00,-0.23576706384253066
2025-07-22 12:19:49.346140+00:00,-0.23800840102478626
2025-07-22 12:49:49.346140+00:00,-0.2427296413127331
2025-07-22 13:19:49.346140+00:00,-0.2355948434447781
2025-07-22 13:49:49.346140+00:00,-0.25002058679925687
2025-07-22 14:19:49.346140+00:00,-0.24344465041043417
2025-07-22 14:49:49.346140+00:00,-0.24855460247646755
2025-07-22 15:19:49.346140+00:00,-0.24511461062927953
2025-07-22 15:49:49.346140+00:00,-0.25490436892771906
2025-07-22 16:19:49.346140+00:00,-0.252945118120402
2025-07-22 16:49:49.346140+00:00,-0.2512153507862711
2025-07-22 17:19:49.346140+00:00,-0.2542507091777825
2025-07-22 17:49:49.346140+00:00,-0.2445682264669765
2025-07-22 18:19:49.346140+00:00,-0.23774428649976231
2025-07-22 18:49:49.346140+00:00,-0.23102113628618826
2025-07-22 19:19:49.346140+00:00,-0.2395610998260217
2025-07-22 19:49:49.346140+00:00,-0.24653470041988168
2025-07-22 20:19:49.346140+00:00,-0.23351410899654568
2025-07-22 20:49:49.346140+00:00,-0.23760382387133194
2025-07-22 21:19:49.346140+00:00,-0.2272766806044768
2025-07-22 21:49:49.346140+00:00,-0.22272038794863092
2025-07-22 22:19:49.346140+00:00,-0.23066089658188182
2025-07-22 22:49:49.346140+00:00,-0.22529575147873038
2025-07-22 23:19:49.346140+00:00,-0.22090022578873747
2025-07-22 23:49:49.346140+00:00,-0.21931745323777851
2025-07-23 00:19:49.346140+00:00,-0.22743257569573538
2025-07-23 00:49:49.346140+00:00,-0.22795690316872874
2025-07-23 01:19:49.346140+00:00,-0.2178250835048623
2025-07-23 01:49:49.346140+00:00,-0.2039091437726851
2025-07-23 02:19:49.346140+00:00,-0.20738994878782147
2025-07-23 02:49:49.346140+00:00,-0.1871261661277288
2025-07-23 03:19:49.346140+00:00,-0.18823347180179184
2025-07-23 03:49:49.346140+00:00,-0.18407368132169766
2025-07-23 04:19:49.346140+00:00,-0.17995444495863355
2025-07-23 04:49:49.346140+00:00,-0.1880931522793553
2025-07-23 05:19:49.346140+00:00,-0.19447147312032886
2025-07-23 05:49:49.346140+00:00,-0.18915411154584805
2025-07-23 06:19:49.346140+00:00,-0.17468419990904127
2025-07-23 06:49:49.346140+00:00,-0.18594043951135764
2025-07-23 07:19:49.346140+00:00,-0.17734450680881697
2025-07-23 07:49:49.346140+00:00,-0.17755000012335143
2025-07-23 08:19:49.346140+00:00,-0.17076904607220322
2025-07-23 08:49:49.346140+00:00,-0.16362660903820758
2025-07-23 09:19:49.346140+00:00,-0.1498466608759036
2025-07-23 09:49:49.346140+00:00,-0.13563895900879164
2025-07-23 10:19:49.346140+00:00,-0.13362648302766666
2025-07-23 10:49:49.346140+00:00,-0.12699683792203764
2025-07-23 11:19:49.346140+00:00,-0.11801386779591638
2025-07-23 11:49:49.346140+00:00,-0.12452913059181803
2025-07-23 12:19:49.346140+00:00,-0.12090087429347984
2025-07-23 12:49:49.346140+00:00,-0.11642777162723772
2025-07-23 13:19:49.346140+00:00,-0.11497509973545084
2025-07-23 13:49:49.346140+00:00,-0.11798043786923051
2025-07-23 14:19:49.346140+00:00,-0.12357793397489991
2025-07-23 14:49:49.346140+00:00,-0.12577976441166772
2025-07-23 15:19:49.346140+00:00,-0.13136141585500483
2025-07-23 15:49:49.346140+00:00,-0.12634473965591786
2025-07-23 16:19:49.346140+00:00,-0.1205514723196437
2025-07-23 16:49:49.346140+00:00,-0.1170818181983333
2025-07-23 17:19:49.346140+00:00,-0.11449050959011198
2025-07-23 17:49:49.346140+00:00,-0.11395292945715385
2025-07-23 18:19:49.346140+00:00,-0.10654214933345452
2025-07-23 18:49:49.346140+00:00,-0.10596076174947577
2025-07-23 19:19:49.346140+00:00,-0.11484531621162042
2025-07-23 19:49:49.346140+00:00,-0.11712860555763982
2025-07-23 20:19:49.346140+00:00,-0.12997605021396208
2025-07-23 20:49:49.346140+00:00,-0.13762562085623375
2025-07-23 21:19:49.346140+00:00,-0.14656480694753726
2025-07-23 21:49:49.346140+00:00,-0.13686809122534127
2025-07-23 22:19:49.346140+00:00,-0.12357233700949755
2025-07-23 22:49:49.346140+00:00,-0.13177758127321781
2025-07-23 23:19:49.346140+00:00,-0.12409936365665253
2025-07-23 23:49:49.346140+00:00,-0.12527885210901268
2025-07-24 00:19:49.346140+00:00,-0.13393217393385815
2025-07-24 00:49:49.346140+00:00,-0.11854184765019149
2025-07-24 01:19:49.346140+00:00,-0.11198278789460603
2025-07-24 01:49:49.346140+00:00,-0.11642689548071172
2025-07-24 02:19:49.346140+00:00,-0.11553727442766948
2025-07-24 02:49:49.346140+00:00,-0.12343509668965269
2025-07-24 03:19:49.346140+00:00,-0.12053070480444561
2025-07-24 03:49:49.346140+00:00,-0.12321348948396538
2025-07-24 04:19:49.346140+00:00,-0.12485201507149091
2025-07-24 04:49:49.346140+00:00,-0.1402654178010051
2025-07-24 05:19:49.346140+00:00,-0.14833943712280628
2025-07-24 05:49:49.346140+00:00,-0.15133685427014554
2025-07-24 06:19:49.346140+00:00,-0.14310795005996646
2025-07-24 06:49:49.346140+00:00,-0.14449800627273124
2025-07-24 07:19:49.346140+00:00,-0.16085345814159913
2025-07-24 07:49:49.346140+00:00,-0.15862994906651218
2025-07-24 08:19:49.346140+00:00,-0.15533466198980317
2025-07-24 08:49:49.346140+00:00,-0.16635231645839343
2025-07-24 09:19:49.346140+00:00,-0.16959183394406696
2025-07-24 09:49:49.346140+00:00,-0.17070297381204746
2025-07-24 10:19:49.346140+00:00,-0.17590418725936818
2025-07-24 10:49:49.346140+00:00,-0.1840914884976943
2025-07-24 11:19:49.346140+00:00,-0.17530761077614798
2025-07-24 11:49:49.346140+00:00,-0.17638953382286948
2025-07-24 12:19:49.346140+00:00,-0.17065517923553775
2025-07-24 12:49:49.346140+00:00,-0.1653954988380809
2025-07-24 13:19:49.346140+00:00,-0.16155179989648982
2025-07-24 13:49:49.346140+00:00,-0.1694313117475933
2025-07-24 14:19:49.346140+00:00,-0.15681139073102623
2025-07-24 14:49:49.346140+00:00,-0.1617977400801357
2025-07-24 15:19:49.346140+00:00,-0.15520329689547496
2025-07-24 15:49:49.346140+00:00,-0.16003447498911683
2025-07-24 16:19:49.346140+00:00,-0.16052618426701692
2025-07-24 16:49:49.346140+00:00,-0.15769336382161803
2025-07-24 17:19:49.346140+00:00,-0.15321654574175025
2025-07-24 17:49:49.346140+00:00,-0.15806804579779354
2025-07-24 18:19:49.346140+00:00,-0.1658601781585879
2025-07-24 18:49:49.346140+00:00,-0.1674695685203852
2025-07-24 19:19:49.346140+00:00,-0.16296276070208215
2025-07-24 19:49:49.346140+00:00,-0.16809794300209613
2025-07-24 20:19:49.346140+00:00,-0.16960897893921312
2025-07-24 20:49:49.346140+00:00,-0.17586501303408142
2025-07-24 21:19:49.346140+00:00,-0.17023285715024283
2025-07-24 21:49:49.346140+00:00,-0.16412933550414244
2025-07-24 22:19:49.346140+00:00,-0.1633472717025538
2025-07-24 22:49:49.346140+00:00,-0.16048419248810386
2025-07-24 23:19:49.346140+00:00,-0.1654311245077431
2025-07-24 23:49:49.346140+00:00,-0.17110020121721647
2025-07-25 00:19:49.346140+00:00,-0.16350706614467148
2025-07-25 00:49:49.346140+00:00,-0.1591816817149675
2025-07-25 01:19:49.346140+00:00,-0.15099681753757466
2025-07-25 01:49:49.346140+00:00,-0.16242482922241097
2025-07-25 02:19:49.346140+00:00,-0.15598199905356225
2025-07-25 02:49:49.346140+00:00,-0.14989970792072382
2025-07-25 03:19:49.346140+00:00,-0.14610710148567152
2025-07-25 03:49:49.346140+00:00,-0.1515014795622085
2025-07-25 04:19:49.346140+00:00,-0.1421851996622132
2025-07-25 04:49:49.346140+00:00,-0.13258946449844977
2025-07-25 05:19:49.346140+00:00,-0.13008020901515494
2025-07-25 05:49:49.346140+00:00,-0.13440237765105012
2025-07-25 06:19:49.346140+00:00,-0.13334811055507012
2025-07-25 06:49:49.346140+00:00,-0.1527484483795094
2025-07-25 07:19:49.346140+00:00,-0.16202552517294289
2025-07-25 07:49:49.346140+00:00,-0.16057412688733896
2025-07-25 08:19:49.346140+00:00,-0.15508056740986065
2025-07-25 08:49:49.346140+00:00,-0.15683493935455795
2025-07-25 09:19:49.346140+00:00,-0.15098805915906788
2025-07-25 09:49:49.346140+00:00,-0.14158555144097906
2025-07-25 10:19:49.346140+00:00,-0.1473923487670188
2025-07-25 10:49:49.346140+00:00,-0.1376651003991104
2025-07-25 11:19:49.346140+00:00,-0.14535689875718494
2025-07-25 11:49:49.346140+00:00,-0.14838044250894722
2025-07-25 12:19:49.346140+00:00,-0.15994133512513287
2025-07-25 12:49:49.346140+00:00,-0.1609135953965014
2025-07-25 13:19:49.346140+00:00,-0.16470986803184406
2025-07-25 13:49:49.346140+00:00,-0.1734056755129998
2025-07-25 14:19:49.346140+00:00,-0.17466851528207972
2025-07-25 14:49:49.346140+00:00,-0.1919639990715447
2025-07-25 15:19:49.346140+00:00,-0.1894807880658309
2025-07-25 15:49:49.346140+00:00,-0.1936560218974238
2025-07-25 16:19:49.346140+00:00,-0.19457330642335868
2025-07-25 16:49:49.346140+00:00,-0.19023732794057457
2025-07-25 17:19:49.346140+00:00,-0.18459733173499115
2025-07-25 17:49:49.346140+00:00,-0.18428145819979114
2025-07-25 18:19:49.346140+00:00,-0.18286947987368551
2025-07-25 18:49:49.346140+00:00,-0.202651888940527
2025-07-25 19:19:49.346140+00:00,-0.21921515258680124
2025-07-25 19:49:49.346140+00:00,-0.22081012648557197
2025-07-25 20:19:49.346140+00:00,-0.22861716394454834
2025-07-25 20:49:49.346140+00:00,-0.22110303155677113
2025-07-25 21:19:49.346140+00:00,-0.22094512182691384
2025-07-25 21:49:49.346140+00:00,-0.20724307692733157
2025-07-25 22:19:49.346140+00:00,-0.20696330923812145
2025-07-25 22:49:49.346140+00:00,-0.19487789183755
2025-07-25 23:19:49.346140+00:00,-0.1979621484931181
2025-07-25 23:49:49.346140+00:00,-0.1871296439739074
2025-07-26 00:19:49.346140+00:00,-0.19326023710827966
2025-07-26 00:49:49.346140+00:00,-0.18447164136351946
2025-07-26 01:19:49.346140+00:00,-0.19371677840608592
2025-07-26 01:49:49.346140+00:00,-0.19003049412401385
2025-07-26 02:19:49.346140+00:00,-0.18708478917233518
2025-07-26 02:49:49.346140+00:00,-0.18792880207718476
2025-07-26 03:19:49.346140+00:00,-0.18660651817177276
2025-07-26 03:49:49.346140+00:00,-0.17265721184681737
2025-07-26 04:19:49.346140+00:00,-0.1607289219961554
2025-07-26 04:49:49.346140+00:00,-0.1562035634795006
2025-07-26 05:19:49.346140+00:00,-0.157173463078632
2025-07-26 05:49:49.346140+00:00,-0.17053901706344665
2025-07-26 06:19:49.346140+00:00,-0.1744461638662569
2025-07-26 06:49:49.346140+00:00,-0.1589249371849506
2025-07-26 07:19:49.346140+00:00,-0.15713439846490918
2025-07-26 07:49:49.346140+00:00,-0.15415341943433658
2025-07-26 08:19:49.346140+00:00,-0.15377911567974045
2025-07-26 08:49:49.346140+00:00,-0.1584362937315269
2025-07-26 09:19:49.346140+00:00,-0.16176948982988837
2025-07-26 09:49:49.346140+00:00,-0.17166951883389736
2025-07-26 10:19:49.346140+00:00,-0.16061055986280226
2025-07-26 10:49:49.346140+00:00,-0.1711449760207675
2025-07-26 11:19:49.346140+00:00,-0.17447369133898327
2025-07-26 11:49:49.346140+00:00,-0.17216315457508424
2025-07-26 12:19:49.346140+00:00,-0.17896411640198562
2025-07-26 12:49:49.346140+00:00,-0.1661954229224919
2025-07-26 13:19:49.346140+00:00,-0.14702219121607418
2025-07-26 13:49:49.346140+00:00,-0.1424322764370889
2025-07-26 14:19:49.346140+00:00,-0.12461907042149167
2025-07-26 14:49:49.346140+00:00,-0.11612054934303662
2025-07-26 15:19:49.346140+00:00,-0.12323385506002482
2025-07-26 15:49:49.346140+00:00,-0.11864419179012897
2025-07-26 16:19:49.346140+00:00,-0.12511881230883237
2025-07-26 16:49:49.346140+00:00,-0.13752771942200903
2025-07-26 17:19:49.346140+00:00,-0.13475241283676243
2025-07-26 17:49:49.346140+00:00,-0.13963254681647874
2025-07-26 18:19:49.346140+00:00,-0.14999217056768455
2025-07-26 18:49:49.346140+00:00,-0.14307343906993697
2025-07-26 19:19:49.346140+00:00,-0.1521867964308936
2025-07-26 19:49:49.346140+00:00,-0.15097461238662813
2025-07-26 20:19:49.346140+00:00,-0.1582297546157364
2025-07-26 20:49:49.346140+00:00,-0.1620471884782959
2025-07-26 21:19:49.346140+00:00,-0.15800438014342255
2025-07-26 21:49:49.346140+00:00,-0.14908039151055053
2025-07-26 22:19:49.346140+00:00,-0.14035872857064746
2025-07-26 22:49:49.346140+00:00,-0.1371658735009803
2025-07-26 23:19:49.346140+00:00,-0.13020903129060868
2025-07-26 23:49:49.346140+00:00,-0.1505882894185695
2025-07-27 00:19:49.346140+00:00,-0.14406994789468142
2025-07-27 00:49:49.346140+00:00,-0.12967888750252643
2025-07-27 01:19:49.346140+00:00,-0.14366693611005787
2025-07-27 01:49:49.346140+00:00,-0.1339718432394993
2025-07-27 02:19:49.346140+00:00,-0.12940143529783343
2025-07-27 02:49:49.346140+00:00,-0.11884784972088136
2025-07-27 03:19:49.346140+00:00,-0.10776010138712933
2025-07-27 03:49:49.346140+00:00,-0.10393423359717113
2025-07-27 04:19:49.346140+00:00,-0.11995226288745964
2025-07-27 04:49:49.346140+00:00,-0.13771406444518208
2025-07-27 05:19:49.346140+00:00,-0.1278896470410429
2025-07-27 05:49:49.346140+00:00,-0.1110195064204682
2025-07-27 06:19:49.346140+00:00,-0.11131895170822803
2025-07-27 06:49:49.346140+00:00,-0.11324984684958228
2025-07-27 07:19:49.346140+00:00,-0.10880215891213929
2025-07-27 07:49:49.346140+00:00,-0.118698143149368
2025-07-27 08:19:49.346140+00:00,-0.11693359507770718
2025-07-27 08:49:49.346140+00:00,-0.11709321097669445
2025-07-27 09:19:49.346140+00:00,-0.10817396023734771
2025-07-27 09:49:49.346140+00:00,-0.10482416454259047
2025-07-27 10:19:49.346140+00:00,-0.09418649950931202
2025-07-27 10:49:49.346140+00:00,-0.08970368060541611
2025-07-27 11:19:49.346140+00:00,-0.09449067097334485
2025-07-27 11:49:49.346140+00:00,-0.10640004450029139
2025-07-27 12:19:49.346140+00:00,-0.09377247867270955
2025-07-27 12:49:49.346140+00:00,-0.07277107375159941
2025-07-27 13:19:49.346140+00:00,-0.07082985422087773
2025-07-27 13:49:49.346140+00:00,-0.06337852983364067
2025-07-27 14:19:49.346140+00:00,-0.04556464667557836
2025-07-27 14:49:49.346140+00:00,-0.06057999737264064
2025-07-27 15:19:49.346140+00:00,-0.0686857503847127
2025-07-27 15:49:49.346140+00:00,-0.0629826531300045
2025-07-27 16:19:49.346140+00:00,-0.061558445045457155
2025-07-27 16:49:49.346140+00:00,-0.05678991080931306
2025-07-27 17:19:49.346140+00:00,-0.06530826178233928
2025-07-27 17:49:49.346140+00:00,-0.06425325447973729
2025-07-27 18:19:49.346140+00:00,-0.06570396596839356
2025-07-27 18:49:49.346140+00:00,-0.0665958410916272
2025-07-27 19:19:49.346140+00:00,-0.07976635842279489
2025-07-27 19:49:49.346140+00:00,-0.08786561875412413
2025-07-27 20:19:49.346140+00:00,-0.07232421134435141
2025-07-27 20:49:49.346140+00:00,-0.060289733760733544
2025-07-27 21:19:49.346140+00:00,-0.05631348275938641
2025-07-27 21:49:49.346140+00:00,-0.06357158542546892
2025-07-27 22:19:49.346140+00:00,-0.0662546407871687
2025-07-27 22:49:49.346140+00:00,-0.07198364484554054
2025-07-27 23:19:49.346140+00:00,-0.06930983995507667
2025-07-27 23:49:49.346140+00:00,-0.07444337973049642
2025-07-28 00:19:49.346140+00:00,-0.07176016894174775
2025-07-28 00:49:49.346140+00:00,-0.07606115514422251
2025-07-28 01:19:49.346140+00:00,-0.049045042775522574
2025-07-28 01:49:49.346140+00:00,-0.041037819902198125
2025-07-28 02:19:49.346140+00:00,-0.029176308279468266
2025-07-28 02:49:49.346140+00:00,-0.018261058525228857
2025-07-28 03:19:49.346140+00:00,-0.021798744445707285
2025-07-28 03:49:49.346140+00:00,-0.015564182068286692
2025-07-28 04:19:49.346140+00:00,-0.009266350134897183
2025-07-28 04:49:49.346140+00:00,-0.012540710979031089
2025-07-28 05:19:49.346140+00:00,-0.016377960888684817
2025-07-28 05:49:49.346140+00:00,-0.008978662182153707
2025-07-28 06:19:49.346140+00:00,0.0
2025-07-28 06:49:49.346140+00:00,0.0
2025-07-28 07:19:49.346140+00:00,-0.00038357052527770996
2025-07-28 07:49:49.346140+00:00,0.0
2025-07-28 08:19:49.346140+00:00,0.0
2025-07-28 08:49:49.346140+00:00,-0.009311241275372417
2025-07-28 09:19:49.346140+00:00,-0.019049797196008966
2025-07-28 09:49:49.346140+00:00,-0.0091463965668942
2025-07-28 10:19:49.346140+00:00,0.0
2025-07-28 10:49:49.346140+00:00,0.0
2025-07-28 11:19:49.346140+00:00,0.0
2025-07-28 11:49:49.346140+00:00,-0.004745421000111438
2025-07-28 12:19:49.346140+00:00,-0.01713247564757625
2025-07-28 12:49:49.346140+00:00,-0.0015215119052149895
2025-07-28 13:19:49.346140+00:00,0.0
2025-07-28 13:49:49.346140+00:00,-0.007901893790778325
2025-07-28 14:19:49.346140+00:00,-0.0008310942498270801
2025-07-28 14:49:49.346140+00:00,-0.004928618058091527
2025-07-28 15:19:49.346140+00:00,-0.007876608706590016
2025-07-28 15:49:49.346140+00:00,-0.019448383546762926
2025-07-28 16:19:49.346140+00:00,-0.03177546867331549
2025-07-28 16:49:49.346140+00:00,-0.04366176003743216
2025-07-28 17:19:49.346140+00:00,-0.061656806488457505
2025-07-28 17:49:49.346140+00:00,-0.05156500784265483
2025-07-28 18:19:49.346140+00:00,-0.05381966805125071
2025-07-28 18:49:49.346140+00:00,-0.031169552515252774
2025-07-28 19:19:49.346140+00:00,-0.028504306528843504
2025-07-28 19:49:49.346140+00:00,-0.02546805796277396
2025-07-28 20:19:49.346140+00:00,-0.02021260902652333
2025-07-28 20:49:49.346140+00:00,-0.012249007893406771
2025-07-28 21:19:49.346140+00:00,-0.015296598806307515
2025-07-28 21:49:49.346140+00:00,-0.018998323454373467
2025-07-28 22:19:49.346140+00:00,-0.015165429152395604
2025-07-28 22:49:49.346140+00:00,-0.023849786508527315
2025-07-28 23:19:49.346140+00:00,-0.0035920818022957546
2025-07-28 23:49:49.346140+00:00,0.0
2025-07-29 00:19:49.346140+00:00,-0.007673472263891146
2025-07-29 00:49:49.346140+00:00,-0.011575962657478733
2025-07-29 01:19:49.346140+00:00,-0.02420787067116048
2025-07-29 01:49:49.346140+00:00,-0.011255373533386792
2025-07-29 02:19:49.346140+00:00,-0.0021384997014887164
2025-07-29 02:49:49.346140+00:00,0.0
2025-07-29 03:19:49.346140+00:00,-0.002487888478325151
2025-07-29 03:49:49.346140+00:00,-0.0032988297926677124
2025-07-29 04:19:49.346140+00:00,-0.004821115228025863
2025-07-29 04:49:49.346140+00:00,0.0
2025-07-29 05:19:49.346140+00:00,-0.004354879876553253
2025-07-29 05:49:49.346140+00:00,-0.01757809739911209
2025-07-29 06:19:49.346140+00:00,-0.02343485638344811
2025-07-29 06:49:49.346140+00:00,-0.017928878614456134
2025-07-29 07:19:49.346140+00:00,-0.008883897519208817
2025-07-29 07:49:49.346140+00:00,0.0
2025-07-29 08:19:49.346140+00:00,-0.004625289772099195
2025-07-29 08:49:49.346140+00:00,-0.009824061430157016
2025-07-29 09:19:49.346140+00:00,-0.013101060254781638
2025-07-29 09:49:49.346140+00:00,-0.007502877621807236
2025-07-29 10:19:49.346140+00:00,-0.0009128260381211506
2025-07-29 10:49:49.346140+00:00,-0.004366562354252701
2025-07-29 11:19:49.346140+00:00,-0.004646978738605645
2025-07-29 11:49:49.346140+00:00,-0.0011077589535317678
2025-07-29 12:19:49.346140+00:00,-0.002031105505504227
2025-07-29 12:49:49.346140+00:00,-0.008760889811335937
2025-07-29 13:19:49.346140+00:00,-0.02173407967931451
2025-07-29 13:49:49.346140+00:00,-0.01572713489424149
2025-07-29 14:19:49.346140+00:00,-0.020567187731790115
2025-07-29 14:49:49.346140+00:00,-0.01897443091663298
2025-07-29 15:19:49.346140+00:00,-0.009217318967763455
2025-07-29 15:49:49.346140+00:00,-0.008758320240879858
2025-07-29 16:19:49.346140+00:00,-0.002948918210147644
2025-07-29 16:49:49.346140+00:00,-0.009961772913082645
2025-07-29 17:19:49.346140+00:00,0.0
2025-07-29 17:49:49.346140+00:00,-0.005583814549142252
2025-07-29 18:19:49.346140+00:00,-0.014919981461718468
2025-07-29 18:49:49.346140+00:00,-0.005997071356434125
2025-07-29 19:19:49.346140+00:00,0.0
2025-07-29 19:49:49.346140+00:00,-3.298664562911835e-05
2025-07-29 20:19:49.346140+00:00,0.0
2025-07-29 20:49:49.346140+00:00,-0.006476085493377748
2025-07-29 21:19:49.346140+00:00,0.0
2025-07-29 21:49:49.346140+00:00,-0.0024853969579796686
2025-07-29 22:19:49.346140+00:00,0.0
2025-07-29 22:49:49.346140+00:00,0.0
2025-07-29 23:19:49.346140+00:00,-0.012012983754169704
2025-07-29 23:49:49.346140+00:00,0.0
2025-07-30 00:19:49.346140+00:00,0.0
2025-07-30 00:49:49.346140+00:00,0.0
2025-07-30 01:19:49.346140+00:00,-0.00802478561514941
2025-07-30 01:49:49.346140+00:00,-0.020642366971142745
2025-07-30 02:19:49.346140+00:00,-0.030412558260585865
2025-07-30 02:49:49.346140+00:00,-0.03775259727339697
2025-07-30 03:19:49.346140+00:00,-0.048331921018511914
2025-07-30 03:49:49.346140+00:00,-0.042281597732079956
2025-07-30 04:19:49.346140+00:00,-0.037086334953500666
2025-07-30 04:49:49.346140+00:00,-0.04710096569204647
2025-07-30 05:19:49.346140+00:00,-0.034708209895706554
2025-07-30 05:49:49.346140+00:00,-0.04766422122096492
2025-07-30 06:19:49.346140+00:00,-0.04986870819316669
2025-07-30 06:49:49.346140+00:00,-0.051729159979322814
2025-07-30 07:19:49.346140+00:00,-0.030472219094000108
2025-07-30 07:49:49.346140+00:00,-0.03354961008192536
2025-07-30 08:19:49.346140+00:00,-0.031235386283848032
2025-07-30 08:49:49.346140+00:00,-0.03585350915364349
2025-07-30 09:19:49.346140+00:00,-0.038428275510756116
2025-07-30 09:49:49.346140+00:00,-0.03901474149370332
2025-07-30 10:19:49.346140+00:00,-0.003098844729420236
2025-07-30 10:49:49.346140+00:00,0.0
2025-07-30 11:19:49.346140+00:00,-0.0171774759648754
2025-07-30 11:49:49.346140+00:00,-0.006904021717197173
2025-07-30 12:19:49.346140+00:00,0.0
2025-07-30 12:49:49.346140+00:00,0.0
2025-07-30 13:19:49.346140+00:00,-0.017455397653829974
2025-07-30 13:49:49.346140+00:00,-0.014099030777491528
2025-07-30 14:19:49.346140+00:00,-0.03434580253869279
2025-07-30 14:49:49.346140+00:00,-0.013714786917396693
2025-07-30 15:19:49.346140+00:00,-0.030889486105272423
2025-07-30 15:49:49.346140+00:00,-0.0348594762677793
2025-07-30 16:19:49.346140+00:00,-0.030503666731846124
2025-07-30 16:49:49.346140+00:00,-0.036175416135469485
2025-07-30 17:19:49.346140+00:00,-0.041982762228840786
2025-07-30 17:49:49.346140+00:00,-0.051085995396932926
2025-07-30 18:19:49.346140+00:00,-0.03884587991170074
2025-07-30 18:49:49.346140+00:00,-0.024756244608892475
2025-07-30 19:19:49.346140+00:00,-0.02940234083592108
2025-07-30 19:49:49.346140+00:00,-0.04570714854846203
2025-07-30 20:19:49.346140+00:00,-0.0546194674117928
2025-07-30 20:49:49.346140+00:00,-0.04620657599166722
2025-07-30 21:19:49.346140+00:00,-0.039897997531731955
2025-07-30 21:49:49.346140+00:00,-0.02480769797640281
2025-07-30 22:19:49.346140+00:00,-0.03748407762213035
2025-07-30 22:49:49.346140+00:00,-0.028395369718351993
2025-07-30 23:19:49.346140+00:00,-0.038897499964045346
2025-07-30 23:49:49.346140+00:00,-0.03443709645513615
2025-07-31 00:19:49.346140+00:00,-0.04274453594443295
2025-07-31 00:49:49.346140+00:00,-0.03608117639846542
2025-07-31 01:19:49.346140+00:00,-0.031130906728382368
2025-07-31 01:49:49.346140+00:00,-0.01994828507524049
2025-07-31 02:19:49.346140+00:00,-0.018410334103705073
2025-07-31 02:49:49.346140+00:00,-0.026182191745348526
2025-07-31 03:19:49.346140+00:00,-0.015369684459853428
2025-07-31 03:49:49.346140+00:00,0.0
2025-07-31 04:19:49.346140+00:00,-0.005574027188891328
2025-07-31 04:49:49.346140+00:00,-0.015087195522212604
2025-07-31 05:19:49.346140+00:00,-0.0010138026156539803
2025-07-31 05:49:49.346140+00:00,-0.0014571218279189058
2025-07-31 06:19:49.346140+00:00,-0.002883268313144227
2025-07-31 06:49:49.346140+00:00,0.0
2025-07-31 07:19:49.346140+00:00,0.0
2025-07-31 07:49:49.346140+00:00,-0.0032128929322976507
2025-07-31 08:19:49.346140+00:00,-0.026613453003914045
2025-07-31 08:49:49.346140+00:00,-0.024487106068932563
2025-07-31 09:19:49.346140+00:00,-0.016494782670980035
2025-07-31 09:49:49.346140+00:00,-0.017230940332566336
2025-07-31 10:19:49.346140+00:00,-0.005408756291219841
2025-07-31 10:49:49.346140+00:00,-0.0018358060562576606
2025-07-31 11:19:49.346140+00:00,0.0
2025-07-31 11:49:49.346140+00:00,-0.010911081983117632
2025-07-31 12:19:49.346140+00:00,-0.008206610163782546
2025-07-31 12:49:49.346140+00:00,-0.024191454295920733
2025-07-31 13:19:49.346140+00:00,-0.023929913262570213
2025-07-31 13:49:49.346140+00:00,-0.025824382012297087
2025-07-31 14:19:49.346140+00:00,-0.029116721766090925
2025-07-31 14:49:49.346140+00:00,-0.034942072594539186
2025-07-31 15:19:49.346140+00:00,-0.02005609830567423
2025-07-31 15:49:49.346140+00:00,-0.022586277772162933
2025-07-31 16:19:49.346140+00:00,-0.040098195523212254
2025-07-31 16:49:49.346140+00:00,-0.04208942574501284
2025-07-31 17:19:49.346140+00:00,-0.0348357870838385
2025-07-31 17:49:49.346140+00:00,-0.03880574474692855
2025-07-31 18:19:49.346140+00:00,-0.04957430120875361
2025-07-31 18:49:49.346140+00:00,-0.047459160725766836
2025-07-31 19:19:49.346140+00:00,-0.05172160033637485
2025-07-31 19:49:49.346140+00:00,-0.042116885687483396
2025-07-31 20:19:49.346140+00:00,-0.04243022949616393
2025-07-31 20:49:49.346140+00:00,-0.054336978849869544
2025-07-31 21:19:49.346140+00:00,-0.06240535971498162
2025-07-31 21:49:49.346140+00:00,-0.05545530963770151
2025-07-31 22:19:49.346140+00:00,-0.0581929866478611
2025-07-31 22:49:49.346140+00:00,-0.05731360750429271
2025-07-31 23:19:49.346140+00:00,-0.06357955081986255
2025-07-31 23:49:49.346140+00:00,-0.05226632718979107
2025-08-01 00:19:49.346140+00:00,-0.041865778170580126
2025-08-01 00:49:49.346140+00:00,-0.03563356613916302
2025-08-01 01:19:49.346140+00:00,-0.02248617147278631
2025-08-01 01:49:49.346140+00:00,-0.030035453391077382
2025-08-01 02:19:49.346140+00:00,-0.035461373127937734
2025-08-01 02:49:49.346140+00:00,-0.0253199355855811
2025-08-01 03:19:49.346140+00:00,-0.018255445164739204
2025-08-01 03:49:49.346140+00:00,-0.021818303276557982
2025-08-01 04:19:49.346140+00:00,-0.027089180212387043
2025-08-01 04:49:49.346140+00:00,-0.02572177908025164
2025-08-01 05:19:49.346140+00:00,-0.032522801371543175
2025-08-01 05:49:49.346140+00:00,-0.036801375940919145
2025-08-01 06:19:49.346140+00:00,-0.030507213253307963
2025-08-01 06:49:49.346140+00:00,-0.05349583721946838
2025-08-01 07:19:49.346140+00:00,-0.045404956458471424
2025-08-01 07:49:49.346140+00:00,-0.01918825343700914
2025-08-01 08:19:49.346140+00:00,-0.030608433129101553
2025-08-01 08:49:49.346140+00:00,-0.03457916519260962
2025-08-01 09:19:49.346140+00:00,-0.03222734398967286
2025-08-01 09:49:49.346140+00:00,-0.05591139001727474
2025-08-01 10:19:49.346140+00:00,-0.043124613832841274
2025-08-01 10:49:49.346140+00:00,-0.06091882553104622
2025-08-01 11:19:49.346140+00:00,-0.04818285971049796
2025-08-01 11:49:49.346140+00:00,-0.03664423674187356
2025-08-01 12:19:49.346140+00:00,-0.026953548773301583
2025-08-01 12:49:49.346140+00:00,-0.031033533770749133
2025-08-01 13:19:49.346140+00:00,-0.023186728144885982
2025-08-01 13:49:49.346140+00:00,-0.02322866673139179
2025-08-01 14:19:49.346140+00:00,-0.019272174268997855
2025-08-01 14:49:49.346140+00:00,-0.0366268483351363
2025-08-01 15:19:49.346140+00:00,-0.026842990278440837
2025-08-01 15:49:49.346140+00:00,-0.02601848969747611
2025-08-01 16:19:49.346140+00:00,-0.0515402517637662
2025-08-01 16:49:49.346140+00:00,-0.04304438057856175
2025-08-01 17:19:49.346140+00:00,-0.04491519941929545
2025-08-01 17:49:49.346140+00:00,-0.05002761388050181
2025-08-01 18:19:49.346140+00:00,-0.05341536286346715
2025-08-01 18:49:49.346140+00:00,-0.05563136649090761
2025-08-01 19:19:49.346140+00:00,-0.05194130016665954
2025-08-01 19:49:49.346140+00:00,-0.07122656726474941
2025-08-01 20:19:49.346140+00:00,-0.07250976516108765
2025-08-01 20:49:49.346140+00:00,-0.0641434359162929
2025-08-01 21:19:49.346140+00:00,-0.07225671767868236
2025-08-01 21:49:49.346140+00:00,-0.09293417775795032
2025-08-01 22:19:49.346140+00:00,-0.0915262085997427
2025-08-01 22:49:49.346140+00:00,-0.09321310546029049
2025-08-01 23:19:49.346140+00:00,-0.09048467779011538
2025-08-01 23:49:49.346140+00:00,-0.08902695908020708
2025-08-02 00:19:49.346140+00:00,-0.09363353670439767
2025-08-02 00:49:49.346140+00:00,-0.071372677325098
2025-08-02 01:19:49.346140+00:00,-0.07867596793142184
2025-08-02 01:49:49.346140+00:00,-0.07530292514760406
2025-08-02 02:19:49.346140+00:00,-0.07466841972206517
2025-08-02 02:49:49.346140+00:00,-0.060115134838074846
2025-08-02 03:19:49.346140+00:00,-0.05833817101915251
2025-08-02 03:49:49.346140+00:00,-0.055080872330609654
2025-08-02 04:19:49.346140+00:00,-0.058790046496538406
2025-08-02 04:49:49.346140+00:00,-0.04396629057383661
2025-08-02 05:19:49.346140+00:00,-0.022277255396207618
2025-08-02 05:49:49.346140+00:00,-0.022914114391115792
2025-08-02 06:19:49.346140+00:00,-0.0008291577606883704
2025-08-02 06:49:49.346140+00:00,-0.011889473691043317
2025-08-02 07:19:49.346140+00:00,-0.004338220740764509
2025-08-02 07:49:49.346140+00:00,-0.00460285392887072
2025-08-02 08:19:49.346140+00:00,-0.00021392959980659487
2025-08-02 08:49:49.346140+00:00,-0.0028162253176986507
2025-08-02 09:19:49.346140+00:00,-0.0039029665599257246
2025-08-02 09:49:49.346140+00:00,-0.00911976766352307
2025-08-02 10:19:49.346140+00:00,-0.007156856902080566
2025-08-02 10:49:49.346140+00:00,0.0
2025-08-02 11:19:49.346140+00:00,0.0
2025-08-02 11:49:49.346140+00:00,0.0
2025-08-02 12:19:49.346140+00:00,0.0
2025-08-02 12:49:49.346140+00:00,-0.00206159887278079
2025-08-02 13:19:49.346140+00:00,0.0
2025-08-02 13:49:49.346140+00:00,0.0
2025-08-02 14:19:49.346140+00:00,-0.0029098010363212135
2025-08-02 14:49:49.346140+00:00,0.0
2025-08-02 15:19:49.346140+00:00,0.0
2025-08-02 15:49:49.346140+00:00,-0.012362322074072396
2025-08-02 16:19:49.346140+00:00,-0.01680417646114829
2025-08-02 16:49:49.346140+00:00,-0.024305096842653584
2025-08-02 17:19:49.346140+00:00,-0.03657854443420416
2025-08-02 17:49:49.346140+00:00,-0.03789334899460284
2025-08-02 18:19:49.346140+00:00,-0.042021918373914446
2025-08-02 18:49:49.346140+00:00,-0.043600666028710156
2025-08-02 19:19:49.346140+00:00,-0.03804514468771192
2025-08-02 19:49:49.346140+00:00,-0.049956543063998216
2025-08-02 20:19:49.346140+00:00,-0.04711133955921554
2025-08-02 20:49:49.346140+00:00,-0.04398538677848929
2025-08-02 21:19:49.346140+00:00,-0.0398821971822545
2025-08-02 21:49:49.346140+00:00,-0.036568839819815624
2025-08-02 22:19:49.346140+00:00,-0.05035738613154228
2025-08-02 22:49:49.346140+00:00,-0.06734170290979735
2025-08-02 23:19:49.346140+00:00,-0.05473027712236378
2025-08-02 23:49:49.346140+00:00,-0.05103930371338272
2025-08-03 00:19:49.346140+00:00,-0.054022219879916955
2025-08-03 00:49:49.346140+00:00,-0.0604287592224394
2025-08-03 01:19:49.346140+00:00,-0.052145881193198185
2025-08-03 01:49:49.346140+00:00,-0.051225867534531844
2025-08-03 02:19:49.346140+00:00,-0.055255041327984644
2025-08-03 02:49:49.346140+00:00,-0.05942292741132793
2025-08-03 03:19:49.346140+00:00,-0.03982421339372488
2025-08-03 03:49:49.346140+00:00,-0.04561608930292227
2025-08-03 04:19:49.346140+00:00,-0.05110061981611702
2025-08-03 04:49:49.346140+00:00,-0.04320870620596817
2025-08-03 05:19:49.346140+00:00,-0.0389945230362172
2025-08-03 05:49:49.346140+00:00,-0.03363143875380248
2025-08-03 06:19:49.346140+00:00,-0.02395197326298537
2025-08-03 06:49:49.346140+00:00,-0.032950668259356886
2025-08-03 07:19:49.346140+00:00,-0.011770763962502762
2025-08-03 07:49:49.346140+00:00,-0.013239949252701666
2025-08-03 08:19:49.346140+00:00,-0.016234788346454754
2025-08-03 08:49:49.346140+00:00,-0.0278747233333958
2025-08-03 09:19:49.346140+00:00,-0.042309606618376905
2025-08-03 09:49:49.346140+00:00,-0.039517048559925994
2025-08-03 10:19:49.346140+00:00,-0.035546633846347375
2025-08-03 10:49:49.346140+00:00,-0.03689129604553554
2025-08-03 11:19:49.346140+00:00,-0.03567717544118665
2025-08-03 11:49:49.346140+00:00,-0.04501772488911493
2025-08-03 12:19:49.346140+00:00,-0.04444795758752862
2025-08-03 12:49:49.346140+00:00,-0.052481257831688
2025-08-03 13:19:49.346140+00:00,-0.03446464300755181
2025-08-03 13:49:49.346140+00:00,-0.03484596649354954
2025-08-03 14:19:49.346140+00:00,-0.030245484470469264
2025-08-03 14:49:49.346140+00:00,-0.024652895562340627
2025-08-03 15:19:49.346140+00:00,-0.03161234765337806
2025-08-03 15:49:49.346140+00:00,-0.037182813967506445
2025-08-03 16:19:49.346140+00:00,-0.0322701699789576
2025-08-03 16:49:49.346140+00:00,-0.03522826287816805
2025-08-03 17:19:49.346140+00:00,-0.0425312075859523
2025-08-03 17:49:49.346140+00:00,-0.048945162275245924
2025-08-03 18:19:49.346140+00:00,-0.038664961575960555
2025-08-03 18:49:49.346140+00:00,-0.04257565298813104
2025-08-03 19:19:49.346140+00:00,-0.04177176595761045
2025-08-03 19:49:49.346140+00:00,-0.04944325361058688
2025-08-03 20:19:49.346140+00:00,-0.04633495486114414
2025-08-03 20:49:49.346140+00:00,-0.04992883683834182
2025-08-03 21:19:49.346140+00:00,-0.05942552017134628
2025-08-03 21:49:49.346140+00:00,-0.054901233746321054
2025-08-03 22:19:49.346140+00:00,-0.04345863866055133
2025-08-03 22:49:49.346140+00:00,-0.04511911675922675
2025-08-03 23:19:49.346140+00:00,-0.03349747128398961
2025-08-03 23:49:49.346140+00:00,-0.030133678391760732
2025-08-04 00:19:49.346140+00:00,-0.028254949848446897
2025-08-04 00:49:49.346140+00:00,-0.021117411077296033
2025-08-04 01:19:49.346140+00:00,-0.005701670979154527
2025-08-04 01:49:49.346140+00:00,-0.0032757391367758126
2025-08-04 02:19:49.346140+00:00,-0.0020724451676733535
2025-08-04 02:49:49.346140+00:00,0.0
2025-08-04 03:19:49.346140+00:00,0.0
2025-08-04 03:49:49.346140+00:00,0.0
2025-08-04 04:19:49.346140+00:00,-0.0059235043912291285
2025-08-04 04:49:49.346140+00:00,-0.019559387882281287
2025-08-04 05:19:49.346140+00:00,-0.019901829507111723
2025-08-04 05:49:49.346140+00:00,-0.028060588610690163
2025-08-04 06:19:49.346140+00:00,-0.02932099417392464
2025-08-04 06:49:49.346140+00:00,-0.025402092511451868
2025-08-04 07:19:49.346140+00:00,-0.03540820227495323
2025-08-04 07:49:49.346140+00:00,-0.03388953304987086
2025-08-04 08:19:49.346140+00:00,-0.0347890191629
2025-08-04 08:49:49.346140+00:00,-0.020845406893520768
2025-08-04 09:19:49.346140+00:00,-0.027435443029630524
2025-08-04 09:49:49.346140+00:00,-0.03500462521582215
2025-08-04 10:19:49.346140+00:00,-0.04284481398203677
2025-08-04 10:49:49.346140+00:00,-0.035104699804786144
2025-08-04 11:19:49.346140+00:00,-0.010940292251041983
2025-08-04 11:49:49.346140+00:00,-0.009573201895184402
2025-08-04 12:19:49.346140+00:00,0.0
2025-08-04 12:49:49.346140+00:00,0.0
2025-08-04 13:19:49.346140+00:00,-0.03331187705544214
2025-08-04 13:49:49.346140+00:00,-0.037023901536293535
2025-08-04 14:19:49.346140+00:00,-0.016557302200576385
2025-08-04 14:49:49.346140+00:00,-0.011253367235344647
2025-08-04 15:19:49.346140+00:00,0.0
2025-08-04 15:49:49.346140+00:00,0.0
2025-08-04 16:19:49.346140+00:00,0.0
2025-08-04 16:49:49.346140+00:00,0.0
2025-08-04 17:19:49.346140+00:00,-0.007486553787873218
2025-08-04 17:49:49.346140+00:00,-0.02224314469146471
2025-08-04 18:19:49.346140+00:00,-0.028597391389016402
2025-08-04 18:49:49.346140+00:00,-0.043296329999008565
2025-08-04 19:19:49.346140+00:00,-0.05153293579363971
2025-08-04 19:49:49.346140+00:00,-0.050586411817886257
2025-08-04 20:19:49.346140+00:00,-0.05636405860992366
2025-08-04 20:49:49.346140+00:00,-0.06042509907976956
2025-08-04 21:19:49.346140+00:00,-0.07523419031096878
2025-08-04 21:49:49.346140+00:00,-0.08565351130026189
2025-08-04 22:19:49.346140+00:00,-0.07578265736969114
2025-08-04 22:49:49.346140+00:00,-0.07980074250041302
2025-08-04 23:19:49.346140+00:00,-0.073675278069256
2025-08-04 23:49:49.346140+00:00,-0.07472858855048614
2025-08-05 00:19:49.346140+00:00,-0.07119367007134247
2025-08-05 00:49:49.346140+00:00,-0.07706503685571187
2025-08-05 01:19:49.346140+00:00,-0.07859031967371655
2025-08-05 01:49:49.346140+00:00,-0.08002486889179161
2025-08-05 02:19:49.346140+00:00,-0.08798235477695104
2025-08-05 02:49:49.346140+00:00,-0.09947008141526481
2025-08-05 03:19:49.346140+00:00,-0.10925479330682208
2025-08-05 03:49:49.346140+00:00,-0.10201277553696764
2025-08-05 04:19:49.346140+00:00,-0.09296317348270222
2025-08-05 04:49:49.346140+00:00,-0.09686868828370276
2025-08-05 05:19:49.346140+00:00,-0.09296804302466688
2025-08-05 05:49:49.346140+00:00,-0.08022978868143182
2025-08-05 06:19:49.346140+00:00,-0.08652845997672576
2025-08-05 06:49:49.346140+00:00,-0.09635116046257641
2025-08-05 07:19:49.346140+00:00,-0.11039313401077211
2025-08-05 07:49:49.346140+00:00,-0.10492737137474895
2025-08-05 08:19:49.346140+00:00,-0.10914131047775855
2025-08-05 08:49:49.346140+00:00,-0.10018231435247904
2025-08-05 09:19:49.346140+00:00,-0.10707140340337129
2025-08-05 09:49:49.346140+00:00,-0.11108697742381224
2025-08-05 10:19:49.346140+00:00,-0.11091860654847407
2025-08-05 10:49:49.346140+00:00,-0.09999612390945622
2025-08-05 11:19:49.346140+00:00,-0.08007464761844352
2025-08-05 11:49:49.346140+00:00,-0.07273937998010471
2025-08-05 12:19:49.346140+00:00,-0.07852518087932125
2025-08-05 12:49:49.346140+00:00,-0.07108366251572895
2025-08-05 13:19:49.346140+00:00,-0.0683390668692434
2025-08-05 13:49:49.346140+00:00,-0.059372135048187835
2025-08-05 14:19:49.346140+00:00,-0.06814710197497331
2025-08-05 14:49:49.346140+00:00,-0.06703036083031322
2025-08-05 15:19:49.346140+00:00,-0.06948731328142077
2025-08-05 15:49:49.346140+00:00,-0.06622447078650606
2025-08-05 16:19:49.346140+00:00,-0.05485140823643764
2025-08-05 16:49:49.346140+00:00,-0.04493954337729711
2025-08-05 17:19:49.346140+00:00,-0.03349274529619606
2025-08-05 17:49:49.346140+00:00,-0.02445758219598404
2025-08-05 18:19:49.346140+00:00,-0.011701914409535386
2025-08-05 18:49:49.346140+00:00,-0.016517864729621468
2025-08-05 19:19:49.346140+00:00,-0.003579076112976698
2025-08-05 19:49:49.346140+00:00,0.0
2025-08-05 20:19:49.346140+00:00,-0.0034949793997105516
2025-08-05 20:49:49.346140+00:00,-0.0017363133894913174
2025-08-05 21:19:49.346140+00:00,-0.004541135189674916
2025-08-05 21:49:49.346140+00:00,-0.0023182777343988548
2025-08-05 22:19:49.346140+00:00,0.0
2025-08-05 22:49:49.346140+00:00,-0.01383685571273141
2025-08-05 23:19:49.346140+00:00,-0.017078876298525003
2025-08-05 23:49:49.346140+00:00,-0.037132976931654516
2025-08-06 00:19:49.346140+00:00,-0.01623686692538251
2025-08-06 00:49:49.346140+00:00,-0.017868682259280178
2025-08-06 01:19:49.346140+00:00,-0.012685639986249386
2025-08-06 01:49:49.346140+00:00,0.0
2025-08-06 02:19:49.346140+00:00,-0.0012679213499376951
2025-08-06 02:49:49.346140+00:00,0.0
2025-08-06 03:19:49.346140+00:00,-0.002912066338763175
2025-08-06 03:49:49.346140+00:00,-0.029282280187163057
2025-08-06 04:19:49.346140+00:00,-0.011992038695862406
2025-08-06 04:49:49.346140+00:00,-0.005000297577959056
2025-08-06 05:19:49.346140+00:00,-0.019041808429440588
2025-08-06 05:49:49.346140+00:00,-0.013290632916242662
2025-08-06 06:19:49.346140+00:00,-0.0024624502771540824
2025-08-06 06:49:49.346140+00:00,-0.0013754348483172585
2025-08-06 07:19:49.346140+00:00,-0.009267004315509308
2025-08-06 07:49:49.346140+00:00,-0.005015920580575539
2025-08-06 08:19:49.346140+00:00,-0.010507952957288458
2025-08-06 08:49:49.346140+00:00,-0.0033087347367206643
2025-08-06 09:19:49.346140+00:00,-0.008018794662107531
2025-08-06 09:49:49.346140+00:00,-0.015176347368111909
2025-08-06 10:19:49.346140+00:00,-0.007151997035571789
2025-08-06 10:49:49.346140+00:00,-0.0012507058206286947
2025-08-06 11:19:49.346140+00:00,-0.0007650833430400406
2025-08-06 11:49:49.346140+00:00,-0.0077601001193982055
2025-08-06 12:19:49.346140+00:00,-0.007312783647034027
2025-08-06 12:49:49.346140+00:00,0.0
2025-08-06 13:19:49.346140+00:00,-0.004306631004881933
2025-08-06 13:49:49.346140+00:00,-0.014042758009110923
2025-08-06 14:19:49.346140+00:00,-0.011418591267465583
2025-08-06 14:49:49.346140+00:00,-0.010413829177167044
2025-08-06 15:19:49.346140+00:00,-0.006727219937850526
2025-08-06 15:49:49.346140+00:00,0.0
2025-08-06 16:19:49.346140+00:00,-0.0037128113647597605
2025-08-06 16:49:49.346140+00:00,-0.01990800534977344
2025-08-06 17:19:49.346140+00:00,-0.025953777975255
2025-08-06 17:49:49.346140+00:00,-0.022003464900874015
2025-08-06 18:19:49.346140+00:00,-0.025490541526409505
2025-08-06 18:49:49.346140+00:00,-0.02587389051016009
2025-08-06 19:19:49.346140+00:00,-0.023782095479401466
2025-08-06 19:49:49.346140+00:00,-0.022876605243763448
2025-08-06 20:19:49.346140+00:00,-0.025982059277712355
2025-08-06 20:49:49.346140+00:00,-0.02702475251304315
2025-08-06 21:19:49.346140+00:00,-0.026923172222654612
2025-08-06 21:49:49.346140+00:00,-0.02470560036210856
2025-08-06 22:19:49.346140+00:00,-0.025684928842118704
2025-08-06 22:49:49.346140+00:00,-0.04628859805692742
2025-08-06 23:19:49.346140+00:00,-0.05022701301396548
2025-08-06 23:49:49.346140+00:00,-0.05303055417852742
2025-08-07 00:19:49.346140+00:00,-0.044161903313098216
2025-08-07 00:49:49.346140+00:00,-0.042398116433427724
2025-08-07 01:19:49.346140+00:00,-0.03535796954914494
2025-08-07 01:49:49.346140+00:00,-0.044296624250937944
2025-08-07 02:19:49.346140+00:00,-0.02806145699905027
2025-08-07 02:49:49.346140+00:00,-0.0208386322463201
2025-08-07 03:19:49.346140+00:00,-0.01691598905371261
2025-08-07 03:49:49.346140+00:00,-0.0027601040631338725
2025-08-07 04:19:49.346140+00:00,0.0
2025-08-07 04:49:49.346140+00:00,-0.0016996399910890192
2025-08-07 05:19:49.346140+00:00,0.0
2025-08-07 05:49:49.346140+00:00,-0.00032758760372342266
2025-08-07 06:19:49.346140+00:00,-0.000996464575795386
2025-08-07 06:49:49.346140+00:00,0.0
2025-08-07 07:19:49.346140+00:00,0.0
2025-08-07 07:49:49.346140+00:00,-0.003585272377278348
2025-08-07 08:19:49.346140+00:00,-0.011795527777392678
2025-08-07 08:49:49.346140+00:00,-0.022551912691112785
2025-08-07 09:19:49.346140+00:00,-0.01206887281335789
2025-08-07 09:49:49.346140+00:00,-0.020442126532989935
2025-08-07 10:19:49.346140+00:00,-0.02057452136551441
2025-08-07 10:49:49.346140+00:00,-0.012645675752015584
2025-08-07 11:19:49.346140+00:00,-0.009618674666062588
2025-08-07 11:49:49.346140+00:00,-0.035754399197515996
2025-08-07 12:19:49.346140+00:00,-0.03315453843614935
2025-08-07 12:49:49.346140+00:00,-0.04903950857495576
2025-08-07 13:19:49.346140+00:00,-0.040117746712984736
2025-08-07 13:49:49.346140+00:00,-0.03626338565988596
2025-08-07 14:19:49.346140+00:00,-0.04807330549779287
2025-08-07 14:49:49.346140+00:00,-0.04847314520250634
2025-08-07 15:19:49.346140+00:00,-0.043608727465487274
2025-08-07 15:49:49.346140+00:00,-0.050056299619301026
2025-08-07 16:19:49.346140+00:00,-0.044853399965595564
2025-08-07 16:49:49.346140+00:00,-0.04673510998501418
2025-08-07 17:19:49.346140+00:00,-0.03228283475996907
2025-08-07 17:49:49.346140+00:00,-0.02195985241612053
2025-08-07 18:19:49.346140+00:00,-0.030725964672091433
2025-08-07 18:49:49.346140+00:00,-0.032614434714081764
2025-08-07 19:19:49.346140+00:00,-0.03175799715104011
2025-08-07 19:49:49.346140+00:00,-0.02056239218425726
2025-08-07 20:19:49.346140+00:00,-0.021849918332682683
2025-08-07 20:49:49.346140+00:00,-0.01046547518856411
2025-08-07 21:19:49.346140+00:00,-0.010117815612427528
2025-08-07 21:49:49.346140+00:00,-0.012579309339420308
2025-08-07 22:19:49.346140+00:00,-0.0014720455760177664
2025-08-07 22:49:49.346140+00:00,-0.003934617100637694
2025-08-07 23:19:49.346140+00:00,-0.009160695379218708
2025-08-07 23:49:49.346140+00:00,-0.01916972680528739
2025-08-08 00:19:49.346140+00:00,-0.006920978360816621
2025-08-08 00:49:49.346140+00:00,-0.020452645689655324
2025-08-08 01:19:49.346140+00:00,-0.019193462765113023
2025-08-08 01:49:49.346140+00:00,-0.01731178903515007
2025-08-08 02:19:49.346140+00:00,-0.006176991759546224
2025-08-08 02:49:49.346140+00:00,-0.012967513979247225
2025-08-08 03:19:49.346140+00:00,-0.0063714129959231425
2025-08-08 03:49:49.346140+00:00,-0.0031396528721151507
2025-08-08 04:19:49.346140+00:00,0.0
2025-08-08 04:49:49.346140+00:00,0.0
2025-08-08 05:19:49.346140+00:00,0.0
2025-08-08 05:49:49.346140+00:00,0.0
2025-08-08 06:19:49.346140+00:00,-0.0031730228580089115
2025-08-08 06:49:49.346140+00:00,0.0
2025-08-08 07:19:49.346140+00:00,0.0
2025-08-08 07:49:49.346140+00:00,0.0
2025-08-08 08:19:49.346140+00:00,-0.007022097827446339
2025-08-08 08:49:49.346140+00:00,-0.009795659804977652
2025-08-08 09:19:49.346140+00:00,-0.012539990330784567
2025-08-08 09:49:49.346140+00:00,0.0
2025-08-08 10:19:49.346140+00:00,0.0
2025-08-08 10:49:49.346140+00:00,-0.0031155031330667438
2025-08-08 11:19:49.346140+00:00,0.0
2025-08-08 11:49:49.346140+00:00,-0.006488176809426371
2025-08-08 12:19:49.346140+00:00,-0.00919041090255368
2025-08-08 12:49:49.346140+00:00,0.0
2025-08-08 13:19:49.346140+00:00,0.0
2025-08-08 13:49:49.346140+00:00,-0.017882724576872122
2025-08-08 14:19:49.346140+00:00,-0.014754575347869947
2025-08-08 14:49:49.346140+00:00,-0.019478275332156736
2025-08-08 15:19:49.346140+00:00,-0.009426549568148257
2025-08-08 15:49:49.346140+00:00,-0.0010235734783968775
2025-08-08 16:19:49.346140+00:00,-0.009986418978202627
2025-08-08 16:49:49.346140+00:00,-0.016870743409318156
2025-08-08 17:19:49.346140+00:00,-0.0169451308017865
2025-08-08 17:49:49.346140+00:00,-0.020425291440567483
2025-08-08 18:19:49.346140+00:00,-0.04059372183228327
2025-08-08 18:49:49.346140+00:00,-0.04030672644198463
2025-08-08 19:19:49.346140+00:00,-0.04481619912268653
2025-08-08 19:49:49.346140+00:00,-0.049159550204964986
2025-08-08 20:19:49.346140+00:00,-0.05272391519265751
2025-08-08 20:49:49.346140+00:00,-0.057661696420484354
2025-08-08 21:19:49.346140+00:00,-0.059347476953104605
2025-08-08 21:49:49.346140+00:00,-0.06729356752686844
2025-08-08 22:19:49.346140+00:00,-0.06997529706028449
2025-08-08 22:49:49.346140+00:00,-0.05193219288351003
2025-08-08 23:19:49.346140+00:00,-0.041039129335515345
2025-08-08 23:49:49.346140+00:00,-0.05540513048699258
2025-08-09 00:19:49.346140+00:00,-0.06795868017071949
2025-08-09 00:49:49.346140+00:00,-0.07221567459661682
2025-08-09 01:19:49.346140+00:00,-0.06672624069161648
2025-08-09 01:49:49.346140+00:00,-0.06730838811150908
2025-08-09 02:19:49.346140+00:00,-0.04960334349997053
2025-08-09 02:49:49.346140+00:00,-0.04635867364304669
2025-08-09 03:19:49.346140+00:00,-0.05310908862249486
2025-08-09 03:49:49.346140+00:00,-0.05662572850069114
2025-08-09 04:19:49.346140+00:00,-0.0408867387758749
2025-08-09 04:49:49.346140+00:00,-0.044441842051212155
2025-08-09 05:19:49.346140+00:00,-0.035904759502916495
2025-08-09 05:49:49.346140+00:00,-0.05076835605235697
2025-08-09 06:19:49.346140+00:00,-0.042300656773429646
2025-08-09 06:49:49.346140+00:00,-0.0469755638037318
2025-08-09 07:19:49.346140+00:00,-0.04926102243946984
2025-08-09 07:49:49.346140+00:00,-0.041838698209821557
2025-08-09 08:19:49.346140+00:00,-0.04070536891643939
2025-08-09 08:49:49.346140+00:00,-0.051349074526471195
2025-08-09 09:19:49.346140+00:00,-0.05478679247480711
2025-08-09 09:49:49.346140+00:00,-0.03733509433652904
2025-08-09 10:19:49.346140+00:00,-0.0481225163889214
2025-08-09 10:49:49.346140+00:00,-0.03373788343931439
2025-08-09 11:19:49.346140+00:00,-0.02779717916423685
2025-08-09 11:49:49.346140+00:00,-0.02033503725560526
2025-08-09 12:19:49.346140+00:00,-0.02896440610630624
2025-08-09 12:49:49.346140+00:00,-0.024081752829564262
2025-08-09 13:19:49.346140+00:00,-0.02035534411923734
2025-08-09 13:49:49.346140+00:00,-0.0011466311582456479
2025-08-09 14:19:49.346140+00:00,0.0
2025-08-09 14:49:49.346140+00:00,-0.01051003281134577
2025-08-09 15:19:49.346140+00:00,0.0
2025-08-09 15:49:49.346140+00:00,-0.017877230298239177
2025-08-09 16:19:49.346140+00:00,-0.016828832082576906
2025-08-09 16:49:49.346140+00:00,-0.02265120783364072
2025-08-09 17:19:49.346140+00:00,-0.001578402610065699
2025-08-09 17:49:49.346140+00:00,-0.012847778158323386
2025-08-09 18:19:49.346140+00:00,-0.024719410589478352
2025-08-09 18:49:49.346140+00:00,-0.02239889389709271
2025-08-09 19:19:49.346140+00:00,-0.022730023853968606
2025-08-09 19:49:49.346140+00:00,-0.026497866015744442
2025-08-09 20:19:49.346140+00:00,-0.019682285066683902
2025-08-09 20:49:49.346140+00:00,-0.016843890511993753
2025-08-09 21:19:49.346140+00:00,-0.021964583495311163
2025-08-09 21:49:49.346140+00:00,-0.023239909756423094
2025-08-09 22:19:49.346140+00:00,-0.026803477986805824
2025-08-09 22:49:49.346140+00:00,-0.034096268063288915
2025-08-09 23:19:49.346140+00:00,-0.03099441804348202
2025-08-09 23:49:49.346140+00:00,-0.032963124893702345
2025-08-10 00:19:49.346140+00:00,-0.03021609620173915
2025-08-10 00:49:49.346140+00:00,-0.0388660762152605
2025-08-10 01:19:49.346140+00:00,-0.04416360561459942
2025-08-10 01:49:49.346140+00:00,-0.04129746467090889
2025-08-10 02:19:49.346140+00:00,-0.03659354350025246
2025-08-10 02:49:49.346140+00:00,-0.018394839856342715
2025-08-10 03:19:49.346140+00:00,-0.024982969305205494
2025-08-10 03:49:49.346140+00:00,-0.00852168213958504
2025-08-10 04:19:49.346140+00:00,-0.01635454462998087
2025-08-10 04:49:49.346140+00:00,-0.011023935237970295
2025-08-10 05:19:49.346140+00:00,-0.026152402694011867
2025-08-10 05:49:49.346140+00:00,-0.04107933871756819
2025-08-10 06:19:49.346140+00:00,-0.042826361880546115
2025-08-10 06:49:49.346140+00:00,-0.04842580180997935
2025-08-10 07:19:49.346140+00:00,-0.04352179105899301
2025-08-10 07:49:49.346140+00:00,-0.04666256870809393
2025-08-10 08:19:49.346140+00:00,-0.038969316441986646
2025-08-10 08:49:49.346140+00:00,-0.034826168804860336
2025-08-10 09:19:49.346140+00:00,-0.02915403610607392
2025-08-10 09:49:49.346140+00:00,-0.03210660441791047
2025-08-10 10:19:49.346140+00:00,-0.013516915108925609
2025-08-10 10:49:49.346140+00:00,-0.03361256816239344
2025-08-10 11:19:49.346140+00:00,-0.025347313400621685
2025-08-10 11:49:49.346140+00:00,-0.011945374945053211
2025-08-10 12:19:49.346140+00:00,-0.02442997288542159
2025-08-10 12:49:49.346140+00:00,-0.023712780796207755
2025-08-10 13:19:49.346140+00:00,-0.036968890217318084
2025-08-10 13:49:49.346140+00:00,-0.04437610271931092
2025-08-10 14:19:49.346140+00:00,-0.03692294908653959
2025-08-10 14:49:49.346140+00:00,-0.030325875663752888
2025-08-10 15:19:49.346140+00:00,-0.01844845491556557
2025-08-10 15:49:49.346140+00:00,-0.026501364543333517
2025-08-10 16:19:49.346140+00:00,-0.04214707789664618
2025-08-10 16:49:49.346140+00:00,-0.02457450060981281
2025-08-10 17:19:49.346140+00:00,-0.0221164857726327
2025-08-10 17:49:49.346140+00:00,-0.019371370491204076
2025-08-10 18:19:49.346140+00:00,-0.024338923737858953
2025-08-10 18:49:49.346140+00:00,-0.014966435787793886
2025-08-10 19:19:49.346140+00:00,-0.008195115732839042
2025-08-10 19:49:49.346140+00:00,-0.004121911952382207
2025-08-10 20:19:49.346140+00:00,-0.004753215260743571
2025-08-10 20:49:49.346140+00:00,-0.003661121673432355
2025-08-10 21:19:49.346140+00:00,0.0
2025-08-10 21:49:49.346140+00:00,0.0
2025-08-10 22:19:49.346140+00:00,-0.0007883702328410624
2025-08-10 22:49:49.346140+00:00,-0.0005167183274332743
2025-08-10 23:19:49.346140+00:00,-0.001553833739488808
2025-08-10 23:49:49.346140+00:00,0.0
2025-08-11 00:19:49.346140+00:00,-0.02011944658985798
2025-08-11 00:49:49.346140+00:00,-0.020515518483105954
2025-08-11 01:19:49.346140+00:00,-0.022324953083791677
2025-08-11 01:49:49.346140+00:00,-0.01833217480103133
2025-08-11 02:19:49.346140+00:00,-0.024320756001278476
2025-08-11 02:49:49.346140+00:00,-0.04397037139761928
2025-08-11 03:19:49.346140+00:00,-0.039218539941705766
2025-08-11 03:49:49.346140+00:00,-0.03677901552568841
2025-08-11 04:19:49.346140+00:00,-0.049677866773650714
2025-08-11 04:49:49.346140+00:00,-0.04015149841608234
2025-08-11 05:19:49.346140+00:00,-0.028481027826309346
2025-08-11 05:49:49.346140+00:00,-0.01373080330193066
2025-08-11 06:19:49.346140+00:00,-0.005627632397001703
2025-08-11 06:49:49.346140+00:00,-0.003711910280105424
2025-08-11 07:19:49.346140+00:00,-0.013386292797152977
2025-08-11 07:49:49.346140+00:00,-0.013402048752720441
2025-08-11 08:19:49.346140+00:00,-0.016245171670844938
2025-08-11 08:49:49.346140+00:00,-0.023733215802183016
2025-08-11 09:19:49.346140+00:00,-0.020741312299192516
2025-08-11 09:49:49.346140+00:00,-0.011881413752833136
2025-08-11 10:19:49.346140+00:00,0.0
2025-08-11 10:49:49.346140+00:00,-0.007827289416697747
2025-08-11 11:19:49.346140+00:00,-0.01463626939249929
2025-08-11 11:49:49.346140+00:00,-0.014750871119083353
2025-08-11 12:19:49.346140+00:00,-0.009498427567854573
2025-08-11 12:49:49.346140+00:00,-0.007285328446797523
2025-08-11 13:19:49.346140+00:00,-0.012436801525404162
2025-08-11 13:49:49.346140+00:00,-0.012221039278265455
2025-08-11 14:19:49.346140+00:00,-0.016096366500368497
2025-08-11 14:49:49.346140+00:00,-0.00974779714982077
2025-08-11 15:19:49.346140+00:00,-0.016226837418757523
2025-08-11 15:49:49.346140+00:00,-0.025285274816563286
2025-08-11 16:19:49.346140+00:00,-0.018329155791951046
2025-08-11 16:49:49.346140+00:00,-0.014678533478463263
2025-08-11 17:19:49.346140+00:00,-0.013659045097518141
2025-08-11 17:49:49.346140+00:00,-0.018039581964591767
2025-08-11 18:19:49.346140+00:00,-0.018972545641670058
2025-08-11 18:49:49.346140+00:00,-0.014573883560448198
2025-08-11 19:19:49.346140+00:00,-0.011666885529379223
2025-08-11 19:49:49.346140+00:00,-0.021850783001752472
2025-08-11 20:19:49.346140+00:00,-0.016960718528393648
2025-08-11 20:49:49.346140+00:00,-0.0070286310397327245
2025-08-11 21:19:49.346140+00:00,-0.0062233193405027976
2025-08-11 21:49:49.346140+00:00,-0.0006355385260216062
2025-08-11 22:19:49.346140+00:00,0.0
2025-08-11 22:49:49.346140+00:00,-0.017416233980587226
2025-08-11 23:19:49.346140+00:00,-0.01660559850723986
2025-08-11 23:49:49.346140+00:00,-0.004054541528109912
2025-08-12 00:19:49.346140+00:00,-0.008079740693214932
2025-08-12 00:49:49.346140+00:00,-0.010186685630474646
2025-08-12 01:19:49.346140+00:00,-0.012484540512306852
2025-08-12 01:49:49.346140+00:00,0.0
2025-08-12 02:19:49.346140+00:00,-0.006236152296106856
2025-08-12 02:49:49.346140+00:00,0.0
2025-08-12 03:19:49.346140+00:00,-0.007255864027454484
2025-08-12 03:49:49.346140+00:00,-0.0018023229935320018
