timestamp,close,side,equity_before,equity_after,pnl,symbol
2024-08-14 09:00:00+00:00,110.62891199781188,BUY,5000.0,4944.69366716092,-55.306332839079914,BTC-USD
2024-08-14 21:00:00+00:00,114.3613474108359,SELL,4944.69366716092,5040.700313419509,96.00664625858917,BTC-USD
2024-08-16 00:30:00+00:00,107.25699644966275,BUY,5040.700313419509,5044.774951582573,4.074638163063355,BTC-USD
2024-08-16 18:00:00+00:00,107.65901403324165,SELL,5044.774951582573,5062.613631985173,17.838680402600403,BTC-USD
2024-08-18 09:00:00+00:00,106.62633166936992,BUY,5062.613631985173,5026.712390457571,-35.901241527602,BTC-USD
2024-08-18 19:00:00+00:00,109.32753409815822,SELL,5026.712390457571,5136.499124323839,109.78673386626815,BTC-USD
2024-08-19 06:30:00+00:00,105.91524880965162,BUY,5136.499124323839,5173.353719604031,36.85459528019146,BTC-USD
2024-08-19 15:00:00+00:00,110.22307850249724,SELL,5173.353719604031,5336.8213068088935,163.46758720486287,BTC-USD
2024-08-21 21:00:00+00:00,97.17578683906729,BUY,5336.8213068088935,5364.880632635894,28.059325827000066,BTC-USD
2024-08-22 22:00:00+00:00,90.85697385364288,SELL,5364.880632635894,4969.780418707943,-395.1002139279508,BTC-USD
2024-08-25 17:00:00+00:00,85.8963605397443,BUY,4969.780418707943,4941.637083680024,-28.14333502791851,BTC-USD
2024-08-25 23:00:00+00:00,90.47057224235905,SELL,4941.637083680024,5175.882850458513,234.24576677848836,BTC-USD
2024-09-02 15:00:00+00:00,108.5407717207235,BUY,5175.882850458513,5131.849503943186,-44.03334651532623,BTC-USD
2024-09-03 12:00:00+00:00,103.33500905488235,SELL,5131.849503943186,4905.8693814972485,-225.98012244593792,BTC-USD
2024-09-04 13:00:00+00:00,97.44256823515512,BUY,4905.8693814972485,4884.668609579553,-21.20077191769542,BTC-USD
2024-09-04 21:00:00+00:00,97.43163098273199,SELL,4884.668609579553,4931.545984165622,46.87737458606898,BTC-USD
2024-09-06 01:30:00+00:00,88.03957378588831,BUY,4931.545984165622,4911.909781650784,-19.63620251483826,BTC-USD
2024-09-06 16:00:00+00:00,87.16058640978697,SELL,4911.909781650784,4823.913211044659,-87.9965706061248,BTC-USD
2024-09-17 11:30:00+00:00,127.93862123106065,BUY,4823.913211044659,4788.001978308479,-35.911232736179954,BTC-USD
2024-09-17 22:00:00+00:00,129.48181274354886,SELL,4788.001978308479,4811.284486454985,23.28250814650619,BTC-USD
2024-09-19 11:00:00+00:00,113.92632049362975,BUY,4811.284486454985,4821.621669978037,10.337183523051863,BTC-USD
2024-09-19 20:30:00+00:00,114.31704070249992,SELL,4821.621669978037,4928.719451390238,107.09778141220067,BTC-USD
2024-09-26 21:00:00+00:00,149.21137919702863,BUY,4928.719451390238,4918.82733279593,-9.892118594308158,BTC-USD
2024-09-27 01:30:00+00:00,152.78612413476253,SELL,4918.82733279593,5019.238741916177,100.4114091202473,BTC-USD
2024-09-29 23:00:00+00:00,141.669129504838,BUY,5019.238741916177,5025.367298785064,6.1285568688872445,BTC-USD
2024-09-30 13:00:00+00:00,144.1930083715279,SELL,5025.367298785064,5054.525085754012,29.15778696894813,BTC-USD
2024-10-02 18:00:00+00:00,144.84335256014833,BUY,5054.525085754012,5045.316039177919,-9.209046576092987,BTC-USD
2024-10-02 21:30:00+00:00,151.97256093989606,SELL,5045.316039177919,5222.171792660369,176.85575348244947,BTC-USD
2024-10-04 09:30:00+00:00,145.10117836396654,BUY,5222.171792660369,5187.098288820875,-35.07350383949415,BTC-USD
2024-10-05 01:00:00+00:00,138.87706560017006,SELL,5187.098288820875,4998.48637954164,-188.61190927923417,BTC-USD
2024-10-05 04:30:00+00:00,131.04478447148432,BUY,4998.48637954164,5066.788461583818,68.30208204217797,BTC-USD
2024-10-05 13:30:00+00:00,135.19436046598946,SELL,5066.788461583818,5165.81861293468,99.03015135086116,BTC-USD
2024-10-05 19:30:00+00:00,122.77639066224573,BUY,5165.81861293468,5168.09073496158,2.2721220269004334,BTC-USD
2024-10-06 03:00:00+00:00,126.53707504121627,SELL,5168.09073496158,5361.417352777368,193.32661781578827,BTC-USD
2024-10-07 14:00:00+00:00,111.81274062625319,BUY,5361.417352777368,5309.614378224581,-51.80297455278742,BTC-USD
2024-10-08 00:00:00+00:00,114.61448323986087,SELL,5309.614378224581,5456.850549439055,147.23617121447387,BTC-USD
2024-10-10 00:30:00+00:00,107.38546831491642,BUY,5456.850549439055,5402.4373480064405,-54.41320143261419,BTC-USD
2024-10-10 08:00:00+00:00,108.50117489544732,SELL,5402.4373480064405,5505.653480963283,103.21613295684256,BTC-USD
2024-10-10 22:00:00+00:00,97.59153540311004,BUY,5505.653480963283,5417.808335982807,-87.8451449804761,BTC-USD
2024-10-11 16:30:00+00:00,91.02807927643698,SELL,5417.808335982807,5114.340953564119,-303.4673824186875,BTC-USD
2024-10-14 10:30:00+00:00,82.25459522661626,BUY,5114.340953564119,5030.793936434998,-83.54701712912174,BTC-USD
2024-10-14 16:00:00+00:00,85.2573915800888,SELL,5030.793936434998,5234.982697484572,204.18876104957417,BTC-USD
2024-10-15 05:00:00+00:00,83.0605210774044,BUY,5234.982697484572,5346.035510582351,111.05281309777911,BTC-USD
2024-10-15 11:30:00+00:00,84.30116599072453,SELL,5346.035510582351,5468.068273138339,122.03276255598757,BTC-USD
2024-10-17 07:30:00+00:00,82.71605947179806,BUY,5468.068273138339,5471.871094898891,3.8028217605524333,BTC-USD
2024-10-17 16:30:00+00:00,82.79103156045792,SELL,5471.871094898891,5531.643966814251,59.772871915360156,BTC-USD
2024-10-18 05:00:00+00:00,77.46620398797754,BUY,5531.643966814251,5479.133190955569,-52.51077585868188,BTC-USD
2024-10-18 08:00:00+00:00,81.96583708760635,SELL,5479.133190955569,5728.00793719558,248.8747462400106,BTC-USD
2024-10-19 17:00:00+00:00,79.7549821596954,BUY,5728.00793719558,5865.318019708217,137.31008251263756,BTC-USD
2024-10-20 11:00:00+00:00,75.24195168042594,SELL,5865.318019708217,5432.89325331198,-432.4247663962378,BTC-USD
2024-10-21 05:00:00+00:00,72.08487034317365,BUY,5432.89325331198,5426.056893525747,-6.836359786232606,BTC-USD
2024-10-21 11:00:00+00:00,72.5849156635758,SELL,5426.056893525747,5521.91000686859,95.85311334284324,BTC-USD
2024-11-01 03:30:00+00:00,91.63828286323911,BUY,5521.91000686859,5489.753083819758,-32.15692304883214,BTC-USD
2024-11-02 02:30:00+00:00,86.4669368379589,SELL,5489.753083819758,5178.77466650326,-310.97841731649805,BTC-USD
2024-11-02 18:00:00+00:00,82.59521979212441,BUY,5178.77466650326,5218.484749053681,39.71008255042125,BTC-USD
2024-11-03 04:00:00+00:00,82.47750971479282,SELL,5218.484749053681,5244.073708281305,25.58895922762349,BTC-USD
2024-11-03 13:30:00+00:00,78.7417351494704,BUY,5244.073708281305,5325.377747166942,81.30403888563706,BTC-USD
2024-11-04 11:30:00+00:00,74.25625295272884,SELL,5325.377747166942,5061.955017439296,-263.4227297276457,BTC-USD
2024-11-07 09:00:00+00:00,91.44782209192621,BUY,5061.955017439296,5101.540731754317,39.585714315020596,BTC-USD
2024-11-07 13:30:00+00:00,93.73960530031891,SELL,5101.540731754317,5229.5405902296525,127.99985847533571,BTC-USD
2024-11-12 17:30:00+00:00,108.24152106948443,BUY,5229.5405902296525,5323.552225776607,94.0116355469545,BTC-USD
2024-11-13 19:00:00+00:00,96.9871923490937,SELL,5323.552225776607,4776.70659143096,-546.8456343456473,BTC-USD
2024-11-15 00:00:00+00:00,92.80030782407653,BUY,4776.70659143096,4767.499460280961,-9.207131149998531,BTC-USD
2024-11-15 06:30:00+00:00,94.21337766552564,SELL,4767.499460280961,4909.136241541821,141.6367812608596,BTC-USD
2024-11-18 11:30:00+00:00,108.28307481333783,BUY,4909.136241541821,4887.309150545014,-21.827090996806874,BTC-USD
2024-11-19 00:30:00+00:00,109.44067810794198,SELL,4887.309150545014,4924.388598929841,37.07944838482672,BTC-USD
2024-11-28 10:00:00+00:00,210.17386978030365,BUY,4924.388598929841,4885.01584602177,-39.37275290807065,BTC-USD
2024-11-28 18:00:00+00:00,214.3893070864622,SELL,4885.01584602177,4943.627818283004,58.61197226123386,BTC-USD
2024-11-29 21:00:00+00:00,200.30487087183357,BUY,4943.627818283004,4921.800796796289,-21.82702148671433,BTC-USD
2024-11-30 05:00:00+00:00,203.93008065381423,SELL,4921.800796796289,5037.886246303409,116.08544950711985,BTC-USD
2024-12-05 17:30:00+00:00,252.16156628785225,BUY,5037.886246303409,5127.582180540499,89.69593423709011,BTC-USD
2024-12-05 18:30:00+00:00,260.3127058086884,SELL,5127.582180540499,5247.603876719276,120.02169617877644,BTC-USD
2024-12-07 02:00:00+00:00,251.02150037777085,BUY,5247.603876719276,5251.184564742466,3.580688023190305,BTC-USD
2024-12-07 16:00:00+00:00,252.09572539569444,SELL,5251.184564742466,5336.554640456479,85.37007571401318,BTC-USD
2024-12-10 10:30:00+00:00,236.87395688554335,BUY,5336.554640456479,5315.510622403401,-21.044018053078617,BTC-USD
2024-12-10 23:30:00+00:00,237.15415950826375,SELL,5315.510622403401,5307.720038766996,-7.790583636404335,BTC-USD
2024-12-12 14:30:00+00:00,227.54514446565568,BUY,5307.720038766996,5305.112282601151,-2.6077561658457853,BTC-USD
2024-12-13 02:30:00+00:00,230.89958078638003,SELL,5305.112282601151,5464.771595372065,159.65931277091477,BTC-USD
2024-12-15 13:30:00+00:00,208.8807571695694,BUY,5464.771595372065,5468.370152288296,3.5985569162303364,BTC-USD
2024-12-15 21:00:00+00:00,214.79730692241367,SELL,5468.370152288296,5580.885128214429,112.51497592613305,BTC-USD
2024-12-20 20:00:00+00:00,217.1699256662297,BUY,5580.885128214429,5585.1450427083,4.2599144938712925,BTC-USD
2024-12-21 04:00:00+00:00,221.2041966618527,SELL,5585.1450427083,5685.263365452112,100.11832274381231,BTC-USD
2024-12-21 19:30:00+00:00,211.83446117645252,BUY,5685.263365452112,5780.508681667123,95.24531621501046,BTC-USD
2024-12-22 02:30:00+00:00,218.72105805806464,SELL,5780.508681667123,5889.952227813175,109.44354614605254,BTC-USD
2024-12-26 17:30:00+00:00,225.9595491371055,BUY,5889.952227813175,5818.823367322936,-71.12886049023928,BTC-USD
2024-12-27 01:30:00+00:00,235.40045208448132,SELL,5818.823367322936,5997.7628557052185,178.93948838228243,BTC-USD
2024-12-28 00:00:00+00:00,232.91812952330687,BUY,5997.7628557052185,6119.67678878367,121.91393307845192,BTC-USD
2024-12-28 01:30:00+00:00,238.8210817255486,SELL,6119.67678878367,6249.618081769146,129.94129298547523,BTC-USD
2025-01-02 15:00:00+00:00,283.9535975865522,BUY,6249.618081769146,6254.2980152292885,4.67993346014282,BTC-USD
2025-01-03 07:00:00+00:00,265.9180075345886,SELL,6254.2980152292885,5820.701513749967,-433.5965014793219,BTC-USD
2025-01-06 09:30:00+00:00,235.0613016141691,BUY,5820.701513749967,5823.17024301525,2.4687292652834003,BTC-USD
2025-01-06 18:00:00+00:00,239.23881621642445,SELL,5823.17024301525,5966.942683568252,143.77244055300162,BTC-USD
2025-01-10 00:00:00+00:00,228.88606486575114,BUY,5966.942683568252,5941.793328833366,-25.149354734885492,BTC-USD
2025-01-10 03:00:00+00:00,239.40457641527567,SELL,5941.793328833366,6180.137625885261,238.3442970518945,BTC-USD
2025-01-11 02:00:00+00:00,214.10506475086714,BUY,6180.137625885261,6093.453549429776,-86.6840764554845,BTC-USD
2025-01-12 04:00:00+00:00,210.51633949686996,SELL,6093.453549429776,5953.688736804313,-139.7648126254635,BTC-USD
2025-01-17 13:30:00+00:00,284.1664031642,BUY,5953.688736804313,5872.704817700061,-80.98391910425198,BTC-USD
2025-01-18 06:00:00+00:00,278.8466308282069,SELL,5872.704817700061,5812.597928815999,-60.106888884061846,BTC-USD
2025-01-18 10:30:00+00:00,254.95560051339382,BUY,5812.597928815999,5753.630715550827,-58.96721326517218,BTC-USD
2025-01-19 11:30:00+00:00,244.5649669631468,SELL,5753.630715550827,5563.297384558784,-190.33333099204265,BTC-USD
2025-01-22 22:00:00+00:00,279.54709833695415,BUY,5563.297384558784,5613.964520641591,50.66713608280679,BTC-USD
2025-01-23 06:30:00+00:00,274.37000629089886,SELL,5613.964520641591,5644.084519529418,30.119998887827023,BTC-USD
2025-01-28 08:30:00+00:00,296.5275727020998,BUY,5644.084519529418,5721.249105518263,77.16458598884492,BTC-USD
2025-01-28 20:30:00+00:00,295.80468865285934,SELL,5721.249105518263,5653.374616445077,-67.87448907318594,BTC-USD
2025-01-31 07:30:00+00:00,271.0832783554936,BUY,5653.374616445077,5670.368193461976,16.993577016899508,BTC-USD
2025-01-31 17:30:00+00:00,282.38991233107595,SELL,5670.368193461976,5797.166918179273,126.79872471729686,BTC-USD
2025-02-02 22:30:00+00:00,283.07282336736534,BUY,5797.166918179273,5844.064990416367,46.89807223709431,BTC-USD
2025-02-03 02:30:00+00:00,292.68530409131006,SELL,5844.064990416367,6043.913986408052,199.8489959916842,BTC-USD
2025-02-03 23:30:00+00:00,273.1969627172729,BUY,6043.913986408052,6013.229740428227,-30.68424597982448,BTC-USD
2025-02-04 02:30:00+00:00,288.59163420369237,SELL,6013.229740428227,6329.673915864842,316.4441754366144,BTC-USD
2025-02-04 20:30:00+00:00,262.92225014150364,BUY,6329.673915864842,6301.906725790744,-27.767190074097925,BTC-USD
2025-02-05 09:00:00+00:00,262.89911035449046,SELL,6301.906725790744,6446.881769130102,144.9750433393583,BTC-USD
2025-02-12 15:00:00+00:00,365.88875886354526,BUY,6446.881769130102,6458.030414252126,11.14864512202439,BTC-USD
2025-02-13 01:30:00+00:00,364.442176241033,SELL,6458.030414252126,6471.618884089127,13.588469837000957,BTC-USD
2025-02-16 19:30:00+00:00,468.6130936860598,BUY,6471.618884089127,6439.979934990369,-31.63894909875853,BTC-USD
2025-02-17 01:00:00+00:00,486.6630396372682,SELL,6439.979934990369,6667.931023737099,227.95108874673042,BTC-USD
2025-02-27 05:30:00+00:00,691.739984961995,BUY,6667.931023737099,6655.041745056302,-12.88927868079736,BTC-USD
2025-02-27 17:30:00+00:00,710.2712137054143,SELL,6655.041745056302,6714.091727378285,59.04998232198341,BTC-USD
2025-02-28 21:30:00+00:00,654.647578568432,BUY,6714.091727378285,6660.999360503779,-53.0923668745063,BTC-USD
2025-03-02 00:30:00+00:00,621.9342535272028,SELL,6660.999360503779,6340.627513326027,-320.371847177752,BTC-USD
2025-03-03 09:30:00+00:00,596.6431850008968,BUY,6340.627513326027,6294.781442248019,-45.84607107800821,BTC-USD
2025-03-03 14:30:00+00:00,623.9400661732763,SELL,6294.781442248019,6531.941376654854,237.15993440683542,BTC-USD
2025-03-04 20:00:00+00:00,643.9614220626859,BUY,6531.941376654854,6521.154285091528,-10.787091563325703,BTC-USD
2025-03-05 02:00:00+00:00,670.986416076534,SELL,6521.154285091528,6712.627850629045,191.47356553751615,BTC-USD
2025-03-09 16:30:00+00:00,775.7748016743838,BUY,6712.627850629045,6788.630836094345,76.0029854653003,BTC-USD
2025-03-09 19:00:00+00:00,804.6759027138384,SELL,6788.630836094345,6990.519680623976,201.88884452963066,BTC-USD
2025-03-10 21:00:00+00:00,739.8411560207006,BUY,6990.519680623976,6972.028913190371,-18.49076743360456,BTC-USD
2025-03-11 07:00:00+00:00,748.457376830209,SELL,6972.028913190371,6920.90378212322,-51.125131067151415,BTC-USD
2025-03-13 16:00:00+00:00,778.2839349307388,BUY,6920.90378212322,7055.413271743713,134.5094896204937,BTC-USD
2025-03-13 20:00:00+00:00,809.7223621436686,SELL,7055.413271743713,7241.234195481795,185.82092373808155,BTC-USD
2025-03-17 23:00:00+00:00,902.1200062710531,BUY,7241.234195481795,7226.027039250218,-15.207156231576846,BTC-USD
2025-03-18 16:00:00+00:00,885.1737812245137,SELL,7226.027039250218,6993.415354226101,-232.61168502411692,BTC-USD
2025-03-26 01:00:00+00:00,1143.6997934832912,BUY,6993.415354226101,7068.514713861355,75.09935963525368,BTC-USD
2025-03-26 02:30:00+00:00,1185.7656686491591,SELL,7068.514713861355,7355.5886628765775,287.07394901522275,BTC-USD
2025-04-01 04:00:00+00:00,1380.8981764054545,BUY,7355.5886628765775,7321.103674586442,-34.484988290135334,BTC-USD
2025-04-01 20:00:00+00:00,1327.585019907953,SELL,7321.103674586442,7178.585280902941,-142.51839368350102,BTC-USD
2025-04-02 13:30:00+00:00,1210.908525453147,BUY,7178.585280902941,7138.2774852602915,-40.30779564264958,BTC-USD
2025-04-03 02:30:00+00:00,1194.6907012696213,SELL,7138.2774852602915,7041.89055672244,-96.38692853785142,BTC-USD
2025-04-03 14:00:00+00:00,1134.73367883974,BUY,7041.89055672244,7090.856374384569,48.96581766212876,BTC-USD
2025-04-03 17:00:00+00:00,1181.5422397104908,SELL,7090.856374384569,7280.945992163052,190.08961777848344,BTC-USD
2025-04-09 06:30:00+00:00,1255.4507424615563,BUY,7280.945992163052,7300.8022921236625,19.85629996061016,BTC-USD
2025-04-09 23:30:00+00:00,1193.2373271477381,SELL,7300.8022921236625,6969.5364746830255,-331.26581744063697,BTC-USD
2025-04-11 09:00:00+00:00,1183.9377425817431,BUY,6969.5364746830255,7028.888634359381,59.35215967635577,BTC-USD
2025-04-12 19:00:00+00:00,990.4379511901735,SELL,7028.888634359381,5921.575114086568,-1107.3135202728135,BTC-USD
2025-04-16 13:00:00+00:00,998.0475032578539,BUY,5921.575114086568,6036.242401689259,114.66728760269143,BTC-USD
2025-04-16 19:00:00+00:00,1033.4693586920414,SELL,6036.242401689259,6129.706499166135,93.4640974768754,BTC-USD
2025-04-20 06:00:00+00:00,1090.843279953858,BUY,6129.706499166135,6156.419269134747,26.71276996861252,BTC-USD
2025-04-20 13:00:00+00:00,1129.9155919568666,SELL,6156.419269134747,6277.872103765696,121.45283463094893,BTC-USD
2025-04-21 16:00:00+00:00,1083.223002882232,BUY,6277.872103765696,6305.498764438896,27.626660673199694,BTC-USD
2025-04-23 11:00:00+00:00,890.5111664294614,SELL,6305.498764438896,5174.113759496529,-1131.3850049423663,BTC-USD
2025-04-25 04:00:00+00:00,858.3537891397324,BUY,5174.113759496529,5127.864537472034,-46.24922202449579,BTC-USD
2025-04-25 11:00:00+00:00,874.9663328341717,SELL,5127.864537472034,5258.709876669954,130.8453391979201,BTC-USD
2025-04-29 09:30:00+00:00,876.7463619901587,BUY,5258.709876669954,5285.05753620061,26.34765953065653,BTC-USD
2025-04-29 15:30:00+00:00,901.7969092569679,SELL,5285.05753620061,5426.730483520122,141.67294731951188,BTC-USD
2025-05-02 14:30:00+00:00,896.0734062609351,BUY,5426.730483520122,5476.4877449102205,49.75726139009839,BTC-USD
2025-05-02 21:00:00+00:00,942.45242447854,SELL,5476.4877449102205,5618.151208984843,141.66346407462242,BTC-USD
2025-05-03 19:30:00+00:00,872.2260439177805,BUY,5618.151208984843,5622.067767151182,3.9165581663392004,BTC-USD
2025-05-04 05:00:00+00:00,885.6867205053293,SELL,5622.067767151182,5664.891469453367,42.823702302184756,BTC-USD
2025-05-05 23:00:00+00:00,796.2230085562345,BUY,5664.891469453367,5700.7830954159435,35.891625962576654,BTC-USD
2025-05-06 02:00:00+00:00,832.7302386114214,SELL,5700.7830954159435,5905.169476949406,204.38638153346255,BTC-USD
2025-05-06 23:00:00+00:00,794.41575507435,BUY,5905.169476949406,5940.342024383181,35.172547433774525,BTC-USD
2025-05-07 19:30:00+00:00,782.648910302611,SELL,5940.342024383181,5829.76338147503,-110.57864290815087,BTC-USD
2025-05-09 03:00:00+00:00,764.7224912565238,BUY,5829.76338147503,5809.525206866892,-20.238174608137342,BTC-USD
2025-05-09 12:30:00+00:00,771.373845926305,SELL,5809.525206866892,5884.926495646645,75.40128877975258,BTC-USD
2025-05-10 16:30:00+00:00,720.1297664713065,BUY,5884.926495646645,5884.938808942948,0.012313296302636445,BTC-USD
2025-05-11 07:30:00+00:00,697.7062747432411,SELL,5884.938808942948,5671.843925780092,-213.0948831628557,BTC-USD
2025-05-13 05:30:00+00:00,653.0904937009147,BUY,5671.843925780092,5673.029763666952,1.1858378868600994,BTC-USD
2025-05-13 13:00:00+00:00,661.4098105100242,SELL,5673.029763666952,5820.2825500009185,147.25278633396647,BTC-USD
2025-05-21 20:30:00+00:00,687.0823962823041,BUY,5820.2825500009185,5717.818393461555,-102.4641565393631,BTC-USD
2025-05-22 19:00:00+00:00,661.9944258891205,SELL,5717.818393461555,5562.370926803576,-155.44746665797902,BTC-USD
2025-05-23 00:30:00+00:00,619.4162333402977,BUY,5562.370926803576,5553.841844787834,-8.52908201574246,BTC-USD
2025-05-23 16:00:00+00:00,624.245838071028,SELL,5553.841844787834,5585.925978798468,32.08413401063444,BTC-USD
2025-05-24 06:00:00+00:00,571.6642835603881,BUY,5585.925978798468,5589.517636004604,3.5916572061360057,BTC-USD
2025-05-24 19:00:00+00:00,563.5018519700625,SELL,5589.517636004604,5476.859397430709,-112.65823857389569,BTC-USD
2025-05-26 23:30:00+00:00,578.9106529784056,BUY,5476.859397430709,5488.059406603228,11.200009172519458,BTC-USD
2025-05-27 04:00:00+00:00,602.766824523521,SELL,5488.059406603228,5648.030478411531,159.97107180830244,BTC-USD
2025-05-30 00:00:00+00:00,536.1932463222685,BUY,5648.030478411531,5625.2674573102,-22.763021101330196,BTC-USD
2025-05-30 03:30:00+00:00,572.3788101794617,SELL,5625.2674573102,5841.615090081376,216.347632771176,BTC-USD
2025-06-03 00:00:00+00:00,555.5641778290585,BUY,5841.615090081376,5730.521369825343,-111.09372025603352,BTC-USD
2025-06-03 05:30:00+00:00,579.9470655749283,SELL,5730.521369825343,6028.487915814476,297.966545989133,BTC-USD
2025-06-09 20:00:00+00:00,725.1034391695727,BUY,6028.487915814476,6011.272490187872,-17.215425626603974,BTC-USD
2025-06-10 11:30:00+00:00,716.7126593332133,SELL,6011.272490187872,5874.624416742039,-136.64807344583278,BTC-USD
2025-06-15 19:00:00+00:00,684.8388358780622,BUY,5874.624416742039,5968.562135503632,93.9377187615928,BTC-USD
2025-06-16 02:00:00+00:00,712.7793991231498,SELL,5968.562135503632,6065.054809659838,96.4926741562058,BTC-USD
2025-06-23 00:30:00+00:00,784.0003225282112,BUY,6065.054809659838,6216.382430013419,151.32762035358155,BTC-USD
2025-06-23 01:30:00+00:00,791.8443074437547,SELL,6216.382430013419,6299.982484395649,83.60005438223016,BTC-USD
2025-07-05 08:00:00+00:00,996.1188948156916,BUY,6299.982484395649,6409.370875454973,109.38839105932402,BTC-USD
2025-07-05 16:00:00+00:00,984.5377394925896,SELL,6409.370875454973,6427.325376012107,17.954500557133542,BTC-USD
2025-07-12 13:00:00+00:00,1110.9371106077895,BUY,6427.325376012107,6321.2140683536045,-106.11130765850248,BTC-USD
2025-07-13 19:30:00+00:00,1000.7376493996904,SELL,6321.2140683536045,5697.539481555276,-623.6745867983282,BTC-USD
2025-07-16 09:00:00+00:00,997.0450054037075,BUY,5697.539481555276,5676.8340604123305,-20.705421142945852,BTC-USD
2025-07-16 14:30:00+00:00,1052.5922043722016,SELL,5676.8340604123305,5836.758320841414,159.92426042908392,BTC-USD
2025-07-19 02:30:00+00:00,1045.620409624379,BUY,5836.758320841414,5901.409025639843,64.6507047984287,BTC-USD
2025-07-19 15:30:00+00:00,1028.3825580219632,SELL,5901.409025639843,5851.4369198972745,-49.9721057425686,BTC-USD
2025-07-24 16:00:00+00:00,1399.9906366177745,BUY,5851.4369198972745,5847.616425935847,-3.8204939614279283,BTC-USD
2025-07-25 02:00:00+00:00,1439.3646803389183,SELL,5847.616425935847,5918.275773789915,70.65934785406807,BTC-USD
2025-07-25 17:00:00+00:00,1373.1158005024095,BUY,5918.275773789915,6045.196778440918,126.92100465100339,BTC-USD
2025-07-25 21:00:00+00:00,1385.1678061369864,SELL,6045.196778440918,6108.217857251,63.021078810082145,BTC-USD
2025-07-26 09:00:00+00:00,1326.423377994093,BUY,6108.217857251,6184.980114072394,76.76225682139375,BTC-USD
2025-07-27 08:30:00+00:00,1201.6387652171518,SELL,6184.980114072394,5695.66788410025,-489.31222997214354,BTC-USD
2025-07-30 19:00:00+00:00,1132.9427559406342,BUY,5695.66788410025,5635.886860832477,-59.78102326777298,BTC-USD
2025-07-31 04:00:00+00:00,1171.2328341333389,SELL,5635.886860832477,5833.468559636237,197.58169880375954,BTC-USD
2025-08-01 03:30:00+00:00,1091.6910751231242,BUY,5833.468559636237,5765.378892384133,-68.08966725210394,BTC-USD
2025-08-01 11:00:00+00:00,1134.4017996800821,SELL,5765.378892384133,6013.666353232028,248.2874608478951,BTC-USD
2025-08-04 14:30:00+00:00,1406.5042889197964,BUY,6013.666353232028,6020.12593247413,6.459579242102336,BTC-USD
2025-08-05 07:30:00+00:00,1368.1321741990266,SELL,6020.12593247413,5794.118529840617,-226.00740263351327,BTC-USD
2025-08-05 22:30:00+00:00,1280.2901590611484,BUY,5794.118529840617,5794.856028642576,0.737498801959191,BTC-USD
2025-08-06 10:30:00+00:00,1271.9599752363295,SELL,5794.856028642576,5775.966037064733,-18.88999157784292,BTC-USD
2025-08-08 12:00:00+00:00,1356.8309938362586,BUY,5775.966037064733,5738.2324173705465,-37.73361969418693,BTC-USD
2025-08-09 02:00:00+00:00,1312.4839330830816,SELL,5738.2324173705465,5581.303914724327,-156.92850264621939,BTC-USD
2025-08-09 07:00:00+00:00,1220.9328494144422,BUY,5581.303914724327,5633.4179037014665,52.11398897713934,BTC-USD
2025-08-09 19:30:00+00:00,1198.335794732113,SELL,5633.4179037014665,5502.504635033058,-130.91326866840882,BTC-USD
2025-08-10 09:30:00+00:00,1115.625403019954,BUY,5502.504635033058,5562.104014506914,59.59937947385606,BTC-USD
2025-08-10 18:00:00+00:00,1125.6416985826422,SELL,5562.104014506914,5693.384408724756,131.2803942178425,BTC-USD
2024-08-14 13:30:00+00:00,94.62412281105287,BUY,5000.0,5020.717054385178,20.717054385178017,ETH-USD
2024-08-14 19:30:00+00:00,96.8002585291271,SELL,5020.717054385178,5152.2964361523545,131.57938176717653,ETH-USD
2024-08-15 07:00:00+00:00,90.70257297545542,BUY,5152.2964361523545,5079.046598336662,-73.24983781569244,ETH-USD
2024-08-15 13:30:00+00:00,94.00079191744041,SELL,5079.046598336662,5257.433976782749,178.3873784460866,ETH-USD
2024-08-18 03:00:00+00:00,90.00538763849505,BUY,5257.433976782749,5194.996000259738,-62.43797652301055,ETH-USD
2024-08-18 18:30:00+00:00,87.7712506157512,SELL,5194.996000259738,5068.388127379889,-126.60787287984931,ETH-USD
2024-08-21 00:30:00+00:00,82.77924903266106,BUY,5068.388127379889,5131.716680307625,63.32855292773638,ETH-USD
2024-08-21 05:00:00+00:00,84.21984709823411,SELL,5131.716680307625,5168.050144262595,36.333463954969375,ETH-USD
2024-08-24 20:00:00+00:00,79.66018458966548,BUY,5168.050144262595,5204.487202560386,36.43705829779174,ETH-USD
2024-08-25 06:00:00+00:00,80.59153051807799,SELL,5204.487202560386,5280.631583725275,76.14438116488873,ETH-USD
2024-08-29 19:30:00+00:00,88.47954272916608,BUY,5280.631583725275,5262.953280497425,-17.678303227849938,ETH-USD
2024-08-30 15:00:00+00:00,85.51299398046312,SELL,5262.953280497425,5047.353402657899,-215.59987783952602,ETH-USD
2024-09-02 03:30:00+00:00,88.09197309051171,BUY,5047.353402657899,5113.988484916381,66.63508225848182,ETH-USD
2024-09-02 20:30:00+00:00,86.18442209879011,SELL,5113.988484916381,5079.552279069989,-34.43620584639211,ETH-USD
2024-09-03 09:00:00+00:00,80.64272861376824,BUY,5079.552279069989,5040.594234087279,-38.95804498270991,ETH-USD
2024-09-03 20:30:00+00:00,82.42969108363042,SELL,5040.594234087279,5157.131330852729,116.53709676544986,ETH-USD
2024-09-04 01:30:00+00:00,77.57831309091412,BUY,5157.131330852729,5141.23472488049,-15.89660597223883,ETH-USD
2024-09-04 15:00:00+00:00,75.57213858806634,SELL,5141.23472488049,5019.87453837493,-121.3601865055598,ETH-USD
2024-09-05 16:30:00+00:00,72.87044672165719,BUY,5019.87453837493,5057.517809367397,37.64327099246657,ETH-USD
2024-09-06 00:00:00+00:00,75.33501912150733,SELL,5057.517809367397,5212.955829576323,155.438020208926,ETH-USD
2024-09-11 22:30:00+00:00,96.15955957255053,BUY,5212.955829576323,5199.306952622576,-13.648876953746367,ETH-USD
2024-09-12 12:30:00+00:00,96.47767905886252,SELL,5199.306952622576,5199.9035261129275,0.5965734903511475,ETH-USD
2024-09-14 08:00:00+00:00,93.6710257627574,BUY,5199.9035261129275,5251.177820820894,51.274294707966874,ETH-USD
2024-09-14 11:30:00+00:00,98.68459847256105,SELL,5251.177820820894,5483.208349075884,232.0305282549898,ETH-USD
2024-09-19 05:30:00+00:00,109.66187322051219,BUY,5483.208349075884,5469.769626286547,-13.43872278933759,ETH-USD
2024-09-19 11:00:00+00:00,111.59475632841036,SELL,5469.769626286547,5619.610957338865,149.8413310523183,ETH-USD
2024-09-23 20:00:00+00:00,114.43405855653481,BUY,5619.610957338865,5526.73473739819,-92.87621994067467,ETH-USD
2024-09-24 13:00:00+00:00,113.66540067283117,SELL,5526.73473739819,5504.837165837695,-21.897571560495635,ETH-USD
2024-09-30 18:00:00+00:00,130.64553594626156,BUY,5504.837165837695,5464.378873223394,-40.45829261430026,ETH-USD
2024-10-01 01:30:00+00:00,136.21805524481908,SELL,5464.378873223394,5667.755775113424,203.37690189002933,ETH-USD
2024-10-03 17:00:00+00:00,123.18883864720227,BUY,5667.755775113424,5715.444280170757,47.688505057333714,ETH-USD
2024-10-03 19:30:00+00:00,127.25425074857586,SELL,5715.444280170757,5932.803341220705,217.35906104994774,ETH-USD
2024-10-06 08:00:00+00:00,116.11517416524542,BUY,5932.803341220705,5923.903026999451,-8.90031422125412,ETH-USD
2024-10-06 13:30:00+00:00,120.24942024828059,SELL,5923.903026999451,6143.425574550396,219.5225475509451,ETH-USD
2024-10-07 19:00:00+00:00,119.34121943081684,BUY,6143.425574550396,6091.40468056659,-52.02089398380576,ETH-USD
2024-10-08 12:30:00+00:00,113.56391936616599,SELL,6091.40468056659,5782.181124504386,-309.2235560622039,ETH-USD
2024-10-10 07:00:00+00:00,113.81198111021058,BUY,5782.181124504386,5694.604461524724,-87.57666297966261,ETH-USD
2024-10-11 01:30:00+00:00,108.32361482244264,SELL,5694.604461524724,5387.556467835762,-307.04799368896147,ETH-USD
2024-10-11 15:00:00+00:00,98.4918624454269,BUY,5387.556467835762,5311.896671522733,-75.65979631302889,ETH-USD
2024-10-12 07:00:00+00:00,98.08401282810718,SELL,5311.896671522733,5242.333725867249,-69.56294565548433,ETH-USD
2024-10-13 19:30:00+00:00,96.25651242468935,BUY,5242.333725867249,5250.695195808481,8.361469941231917,ETH-USD
2024-10-14 22:00:00+00:00,91.55619561483432,SELL,5250.695195808481,4945.173781681177,-305.5214141273036,ETH-USD
2024-10-16 13:00:00+00:00,87.05527554834063,BUY,4945.173781681177,5016.177109312843,71.00332763166534,ETH-USD
2024-10-16 18:30:00+00:00,88.615454081479,SELL,5016.177109312843,5041.61351348501,25.436404172167386,ETH-USD
2024-10-17 23:00:00+00:00,81.25250352791072,BUY,5041.61351348501,4999.755173337998,-41.85834014701231,ETH-USD
2024-10-18 10:00:00+00:00,83.33405627406795,SELL,4999.755173337998,5126.533947061192,126.77877372319381,ETH-USD
2024-10-21 01:30:00+00:00,89.2431250543909,BUY,5126.533947061192,5130.242045683767,3.7080986225755623,ETH-USD
2024-10-21 07:00:00+00:00,92.32006100056236,SELL,5130.242045683767,5294.769664748663,164.5276190648956,ETH-USD
2024-10-22 12:00:00+00:00,84.88417537691856,BUY,5294.769664748663,5290.850848868084,-3.9188158805791318,ETH-USD
2024-10-22 20:00:00+00:00,85.55043842769703,SELL,5290.850848868084,5380.101375479439,89.25052661135578,ETH-USD
2024-10-23 22:30:00+00:00,74.9956700039525,BUY,5380.101375479439,5357.0946594582765,-23.0067160211629,ETH-USD
2024-10-24 17:00:00+00:00,71.40944087202827,SELL,5357.0946594582765,5089.571005800405,-267.52365365787136,ETH-USD
2024-10-25 10:30:00+00:00,64.31095266437391,BUY,5089.571005800405,4988.29978730167,-101.27121849873492,ETH-USD
2024-10-25 16:00:00+00:00,67.06688720444856,SELL,4988.29978730167,5216.058309775092,227.7585224734221,ETH-USD
2024-10-25 21:30:00+00:00,63.460995980938165,BUY,5216.058309775092,5245.098045020429,29.039735245336487,ETH-USD
2024-10-26 14:30:00+00:00,63.57477853643402,SELL,5245.098045020429,5199.882483887809,-45.21556113261977,ETH-USD
2024-11-01 20:00:00+00:00,82.23142977396255,BUY,5199.882483887809,5157.197572122426,-42.68491176538282,ETH-USD
2024-11-02 03:30:00+00:00,85.91898983892379,SELL,5157.197572122426,5349.901446648567,192.70387452614068,ETH-USD
2024-11-21 20:30:00+00:00,144.87751504946732,BUY,5349.901446648567,5338.518748504815,-11.38269814375144,ETH-USD
2024-11-22 19:30:00+00:00,135.80634934561064,SELL,5338.518748504815,5014.927524659683,-323.59122384513284,ETH-USD
2024-11-23 22:30:00+00:00,123.41853945717489,BUY,5014.927524659683,5005.385218019916,-9.542306639767048,ETH-USD
2024-11-24 07:00:00+00:00,123.80359072723128,SELL,5005.385218019916,5048.723401000306,43.33818298039023,ETH-USD
2024-11-24 22:00:00+00:00,112.8903080632418,BUY,5048.723401000306,5054.593797307319,5.870396307012925,ETH-USD
2024-11-25 15:00:00+00:00,109.11038255145264,SELL,5054.593797307319,4852.699047692794,-201.8947496145247,ETH-USD
2024-11-28 09:30:00+00:00,115.77234034281196,BUY,4852.699047692794,4803.865250854585,-48.83379683820931,ETH-USD
2024-11-28 14:30:00+00:00,117.78509735447538,SELL,4803.865250854585,4933.345662283,129.4804114284152,ETH-USD
2024-11-30 13:00:00+00:00,118.64871863298833,BUY,4933.345662283,4928.193354760462,-5.15230752253774,ETH-USD
2024-11-30 22:30:00+00:00,122.13239509873917,SELL,4928.193354760462,5067.018316040619,138.82496128015646,ETH-USD
2024-12-03 07:00:00+00:00,112.95105493204116,BUY,5067.018316040619,5036.0416943801465,-30.97662166047212,ETH-USD
2024-12-03 12:00:00+00:00,116.79957329330301,SELL,5036.0416943801465,5224.671618621518,188.62992424137155,ETH-USD
2024-12-04 08:00:00+00:00,111.31859896559094,BUY,5224.671618621518,5202.73907178713,-21.932546834387722,ETH-USD
2024-12-04 17:30:00+00:00,109.70403959038325,SELL,5202.73907178713,5146.01114515141,-56.727926635719996,ETH-USD
2024-12-09 12:00:00+00:00,109.17419220261182,BUY,5146.01114515141,5079.680980444502,-66.33016470690836,ETH-USD
2024-12-10 04:00:00+00:00,105.69151417060216,SELL,5079.680980444502,4921.856120140092,-157.82486030441032,ETH-USD
2024-12-12 09:00:00+00:00,96.7781094172654,BUY,4921.856120140092,4948.135040540295,26.278920400203788,ETH-USD
2024-12-12 21:00:00+00:00,96.09548805596562,SELL,4948.135040540295,4855.183446245474,-92.951594294821,ETH-USD
2024-12-13 16:00:00+00:00,92.28207199601572,BUY,4855.183446245474,4871.662791016181,16.47934477070612,ETH-USD
2024-12-14 14:00:00+00:00,85.73246398371822,SELL,4871.662791016181,4585.7912419471095,-285.8715490690711,ETH-USD
2024-12-17 07:00:00+00:00,84.08122357618714,BUY,4585.7912419471095,4594.295854591734,8.504612644624103,ETH-USD
2024-12-18 03:30:00+00:00,81.25656681122581,SELL,4594.295854591734,4446.875047988758,-147.42080660297597,ETH-USD
2024-12-18 10:00:00+00:00,74.89355234909844,BUY,4446.875047988758,4440.939345096966,-5.935702891792062,ETH-USD
2024-12-19 05:00:00+00:00,72.21250707716769,SELL,4440.939345096966,4323.845547015,-117.09379808196536,ETH-USD
2025-01-02 18:00:00+00:00,119.94133592340816,BUY,4323.845547015,4349.104367251372,25.25882023637223,ETH-USD
2025-01-03 17:00:00+00:00,113.3961836960812,SELL,4349.104367251372,4065.0689118181854,-284.03545543318705,ETH-USD
2025-01-05 19:30:00+00:00,98.68010496023123,BUY,4065.0689118181854,4040.482811923712,-24.58609989447359,ETH-USD
2025-01-06 14:00:00+00:00,94.94911173927663,SELL,4040.482811923712,3866.417731462458,-174.06508046125373,ETH-USD
2025-01-07 11:00:00+00:00,84.42228909316398,BUY,3866.417731462458,3851.199183583762,-15.218547878695972,ETH-USD
2025-01-08 00:00:00+00:00,82.31225073022401,SELL,3851.199183583762,3764.6907582275967,-86.50842535616539,ETH-USD
2025-01-09 02:30:00+00:00,81.99933835420687,BUY,3764.6907582275967,3757.641955890874,-7.048802336722474,ETH-USD
2025-01-09 11:00:00+00:00,82.23196854953989,SELL,3757.641955890874,3812.558692764176,54.91673687330194,ETH-USD
2025-01-09 17:00:00+00:00,77.14080640382804,BUY,3812.558692764176,3756.661365171332,-55.89732759284425,ETH-USD
2025-01-09 20:30:00+00:00,81.12495915890439,SELL,3756.661365171332,3936.3106254641,179.6492602927683,ETH-USD
2025-01-12 19:30:00+00:00,81.08250440795814,BUY,3936.3106254641,3903.8179269493617,-32.49269851473855,ETH-USD
2025-01-13 08:30:00+00:00,82.98547688170699,SELL,3903.8179269493617,4003.5822851106527,99.76435816129106,ETH-USD
2025-01-14 23:30:00+00:00,82.33964573986438,BUY,4003.5822851106527,3965.5721256905695,-38.010159420083255,ETH-USD
2025-01-15 10:00:00+00:00,83.19336504667866,SELL,3965.5721256905695,4058.6987042638866,93.12657857331715,ETH-USD
2025-01-18 12:00:00+00:00,81.61854359273899,BUY,4058.6987042638866,4085.955391178371,27.256686914484362,ETH-USD
2025-01-18 20:00:00+00:00,83.3772856074263,SELL,4085.955391178371,4137.021794743515,51.0664035651439,ETH-USD
2025-01-23 13:00:00+00:00,75.11743989778351,BUY,4137.021794743515,4170.611437022508,33.58964227899287,ETH-USD
2025-01-24 11:30:00+00:00,69.42142292058132,SELL,4170.611437022508,3900.172562042082,-270.4388749804257,ETH-USD
2025-01-26 14:00:00+00:00,69.999264691623,BUY,3900.172562042082,3868.5246079933127,-31.647954048769407,ETH-USD
2025-01-27 00:30:00+00:00,69.87820099335137,SELL,3868.5246079933127,3837.648766555368,-30.875841437944473,ETH-USD
2025-01-30 16:00:00+00:00,69.76277412549,BUY,3837.648766555368,3852.408605569166,14.759839013797773,ETH-USD
2025-01-31 10:00:00+00:00,67.59030021249677,SELL,3852.408605569166,3728.5172795723665,-123.89132599679942,ETH-USD
2025-01-31 15:30:00+00:00,62.34944511916122,BUY,3728.5172795723665,3658.8145130456837,-69.70276652668281,ETH-USD
2025-01-31 18:30:00+00:00,65.23978686934826,SELL,3658.8145130456837,3835.2537115239993,176.43919847831557,ETH-USD
2025-02-06 07:00:00+00:00,75.54361860546224,BUY,3835.2537115239993,3822.5942740220908,-12.659437501908542,ETH-USD
2025-02-06 23:30:00+00:00,74.00407555407216,SELL,3822.5942740220908,3726.8403262504685,-95.75394777162228,ETH-USD
2025-02-07 12:00:00+00:00,68.25325729312347,BUY,3726.8403262504685,3791.711918183651,64.87159193318257,ETH-USD
2025-02-08 00:00:00+00:00,68.20010702705073,SELL,3791.711918183651,3771.1825830254274,-20.529335158223603,ETH-USD
2025-02-14 07:30:00+00:00,67.83899973718984,BUY,3771.1825830254274,3735.96506890512,-35.21751412030744,ETH-USD
2025-02-14 17:30:00+00:00,68.56676441653924,SELL,3735.96506890512,3766.8937047601275,30.928635855007542,ETH-USD
2025-02-17 20:30:00+00:00,67.03742195580931,BUY,3766.8937047601275,3730.6081208399905,-36.285583920137015,ETH-USD
2025-02-18 00:30:00+00:00,69.8817466372182,SELL,3730.6081208399905,3878.2350677963727,147.6269469563822,ETH-USD
2025-02-18 14:00:00+00:00,65.55514953517189,BUY,3878.2350677963727,3816.73744497848,-61.497622817892534,ETH-USD
2025-02-18 22:00:00+00:00,65.68761832503816,SELL,3816.73744497848,3860.5805041651565,43.84305918667633,ETH-USD
2025-02-19 03:30:00+00:00,62.59205441177187,BUY,3860.5805041651565,3873.3031716738187,12.722667508662198,ETH-USD
2025-02-19 07:30:00+00:00,65.14378367113761,SELL,3873.3031716738187,4003.0439250750474,129.74075340122863,ETH-USD
2025-02-21 15:30:00+00:00,61.20425345407591,BUY,4003.0439250750474,3986.0905071080665,-16.95341796698085,ETH-USD
2025-02-22 00:30:00+00:00,62.9564849964573,SELL,3986.0905071080665,4118.061207818555,131.97070071048847,ETH-USD
2025-02-25 04:00:00+00:00,61.41803757949597,BUY,4118.061207818555,4098.831860120794,-19.229347697761114,ETH-USD
2025-02-25 15:30:00+00:00,61.413896931407066,SELL,4098.831860120794,4081.6494269850505,-17.182433135743395,ETH-USD
2025-03-05 02:30:00+00:00,80.15640225208324,BUY,4081.6494269850505,4042.7182795633316,-38.93114742171883,ETH-USD
2025-03-05 14:30:00+00:00,81.24787971020916,SELL,4042.7182795633316,4076.189459246888,33.47117968355633,ETH-USD
2025-03-06 10:30:00+00:00,72.7563821536415,BUY,4076.189459246888,4016.9465750767613,-59.24288417012667,ETH-USD
2025-03-06 19:30:00+00:00,74.49648895938094,SELL,4016.9465750767613,4161.682579164211,144.73600408745006,ETH-USD
2025-03-07 09:00:00+00:00,70.58696576491423,BUY,4161.682579164211,4174.361687878268,12.679108714056383,ETH-USD
2025-03-08 03:00:00+00:00,67.249669678463,SELL,4174.361687878268,3971.7737811515813,-202.58790672668647,ETH-USD
2025-03-08 22:30:00+00:00,63.91874222500371,BUY,3971.7737811515813,3873.812147832957,-97.96163331862408,ETH-USD
2025-03-09 02:00:00+00:00,68.63138921130646,SELL,3873.812147832957,4090.0851218136395,216.2729739806823,ETH-USD
2025-03-19 21:00:00+00:00,101.67790771509173,BUY,4090.0851218136395,4078.7677895456136,-11.317332268025893,ETH-USD
2025-03-20 06:30:00+00:00,103.10906469710022,SELL,4078.7677895456136,4186.470712305553,107.70292275993961,ETH-USD
2025-03-21 13:00:00+00:00,100.20262355991873,BUY,4186.470712305553,4194.445298201549,7.974585895995915,ETH-USD
2025-03-21 20:30:00+00:00,102.05079972714208,SELL,4194.445298201549,4262.1133325745595,67.66803437301041,ETH-USD
2025-03-25 03:00:00+00:00,108.83668338427633,BUY,4262.1133325745595,4295.050055035318,32.936722460758574,ETH-USD
2025-03-25 10:00:00+00:00,110.73139893031858,SELL,4295.050055035318,4398.748117362428,103.69806232711016,ETH-USD
2025-03-27 17:00:00+00:00,107.80223054758997,BUY,4398.748117362428,4375.748613343811,-22.9995040186177,ETH-USD
2025-03-28 09:30:00+00:00,106.01181742415649,SELL,4375.748613343811,4286.2583425502135,-89.49027079359712,ETH-USD
2025-03-30 20:00:00+00:00,123.38185505486709,BUY,4286.2583425502135,4272.899132781871,-13.359209768342225,ETH-USD
2025-03-31 01:00:00+00:00,128.8152372110107,SELL,4272.899132781871,4396.893498756467,123.9943659745959,ETH-USD
2025-04-01 15:30:00+00:00,130.39784716779494,BUY,4396.893498756467,4482.356891662056,85.46339290558899,ETH-USD
2025-04-01 16:30:00+00:00,132.85852402444485,SELL,4482.356891662056,4565.461246397037,83.10435473498092,ETH-USD
2025-04-07 07:00:00+00:00,152.02052678845484,BUY,4565.461246397037,4619.854118952572,54.39287255553518,ETH-USD
2025-04-07 14:30:00+00:00,153.55411242247885,SELL,4619.854118952572,4598.087392267873,-21.76672668469928,ETH-USD
2025-04-13 01:00:00+00:00,183.77918387097662,BUY,4598.087392267873,4596.321923121555,-1.7654691463176277,ETH-USD
2025-04-13 10:00:00+00:00,188.95752642499443,SELL,4596.321923121555,4614.598753334577,18.27683021302164,ETH-USD
2025-04-15 16:00:00+00:00,173.45046111938973,BUY,4614.598753334577,4567.169724881085,-47.42902845349181,ETH-USD
2025-04-15 18:30:00+00:00,182.23837122787447,SELL,4567.169724881085,4810.261822117926,243.09209723684125,ETH-USD
2025-04-16 08:00:00+00:00,167.33691920849117,BUY,4810.261822117926,4814.732894405772,4.471072287845345,ETH-USD
2025-04-16 14:30:00+00:00,170.06995068406124,SELL,4814.732894405772,4888.620451121557,73.88755671578565,ETH-USD
2025-04-26 01:00:00+00:00,226.51596566759505,BUY,4888.620451121557,4924.852393772971,36.23194265141319,ETH-USD
2025-04-26 07:00:00+00:00,231.89702730398213,SELL,4924.852393772971,5005.403883271663,80.55148949869272,ETH-USD
2025-05-01 03:30:00+00:00,268.96315920262117,BUY,5005.403883271663,4953.181431784053,-52.22245148761067,ETH-USD
2025-05-01 10:30:00+00:00,272.5676279580349,SELL,4953.181431784053,5074.003171498266,120.82173971421344,ETH-USD
2025-05-05 10:00:00+00:00,262.1438269608237,BUY,5074.003171498266,5028.6985807813835,-45.30459071688256,ETH-USD
2025-05-06 10:30:00+00:00,251.46184514243205,SELL,5028.6985807813835,4816.408992510329,-212.28958827105453,ETH-USD
2025-05-07 08:00:00+00:00,226.48047004354132,BUY,4816.408992510329,4761.416881376028,-54.99211113430101,ETH-USD
2025-05-08 07:30:00+00:00,217.4843310597125,SELL,4761.416881376028,4503.105198415994,-258.311682960034,ETH-USD
2025-05-13 00:00:00+00:00,269.6148577151463,BUY,4503.105198415994,4492.89878887949,-10.206409536503998,ETH-USD
2025-05-13 04:30:00+00:00,283.35480553291865,SELL,4492.89878887949,4698.570263855801,205.6714749763114,ETH-USD
2025-05-13 23:00:00+00:00,270.2159391780331,BUY,4698.570263855801,4706.571006055724,8.00074219992257,ETH-USD
2025-05-14 16:00:00+00:00,257.75136493847253,SELL,4706.571006055724,4552.059737134726,-154.5112689209982,ETH-USD
2025-05-16 20:30:00+00:00,281.4478298299933,BUY,4552.059737134726,4580.506106633418,28.446369498692547,ETH-USD
2025-05-17 05:00:00+00:00,281.0482641402276,SELL,4580.506106633418,4601.26699679329,20.76089015987145,ETH-USD
2025-05-19 15:30:00+00:00,269.6913209846661,BUY,4601.26699679329,4584.421566697099,-16.845430096191194,ETH-USD
2025-05-20 06:30:00+00:00,261.9598680922734,SELL,4584.421566697099,4530.368828973111,-54.052737723987775,ETH-USD
2025-05-24 15:30:00+00:00,298.4834972145858,BUY,4530.368828973111,4510.6446233532015,-19.7242056199093,ETH-USD
2025-05-25 04:00:00+00:00,294.387969228259,SELL,4510.6446233532015,4420.418772824079,-90.22585052912291,ETH-USD
2025-05-29 11:30:00+00:00,317.75072956147267,BUY,4420.418772824079,4348.914873156524,-71.50389966755483,ETH-USD
2025-05-29 23:00:00+00:00,323.90250554596105,SELL,4348.914873156524,4373.13156018691,24.21668703038631,ETH-USD
2025-05-30 23:00:00+00:00,315.7251678865016,BUY,4373.13156018691,4363.002591604726,-10.128968582183916,ETH-USD
2025-06-01 01:30:00+00:00,287.08164915962556,SELL,4363.002591604726,3967.3522496059522,-395.6503419987739,ETH-USD
2025-06-03 19:00:00+00:00,295.685536606098,BUY,3967.3522496059522,4011.204413218722,43.8521636127698,ETH-USD
2025-06-04 09:00:00+00:00,283.3296753333863,SELL,4011.204413218722,3926.7240055277057,-84.48040769101635,ETH-USD
2025-06-07 15:00:00+00:00,286.1780935725657,BUY,3926.7240055277057,3967.1196555084703,40.395649980764574,ETH-USD
2025-06-08 00:00:00+00:00,290.2812374261923,SELL,3967.1196555084703,3997.7879702616206,30.668314753150298,ETH-USD
2025-06-10 05:00:00+00:00,300.9371543400727,BUY,3997.7879702616206,3962.1293787709624,-35.65859149065818,ETH-USD
2025-06-10 09:00:00+00:00,312.9397944252889,SELL,3962.1293787709624,4100.711733776797,138.58235500583442,ETH-USD
2025-06-20 20:30:00+00:00,464.52874892522516,BUY,4100.711733776797,4072.253298362879,-28.45843541391787,ETH-USD
2025-06-21 08:30:00+00:00,457.5348607271165,SELL,4072.253298362879,3976.384030106983,-95.8692682558958,ETH-USD
2025-06-30 13:00:00+00:00,517.1120827771114,BUY,3976.384030106983,4012.6510691795716,36.26703907258843,ETH-USD
2025-06-30 14:30:00+00:00,526.4182841605814,SELL,4012.6510691795716,4113.465336206861,100.81426702728959,ETH-USD
2025-07-06 12:00:00+00:00,516.0132944821606,BUY,4113.465336206861,4079.767860368292,-33.69747583856906,ETH-USD
2025-07-06 16:00:00+00:00,532.9103285854246,SELL,4079.767860368292,4209.138158952299,129.37029858400683,ETH-USD
2025-07-07 11:00:00+00:00,519.7499757019203,BUY,4209.138158952299,4199.653056334343,-9.485102617955818,ETH-USD
2025-07-08 01:30:00+00:00,520.7725436060402,SELL,4199.653056334343,4220.489178690524,20.836122356180567,ETH-USD
2025-07-10 03:30:00+00:00,483.45734819289186,BUY,4220.489178690524,4214.7338575265885,-5.75532116393515,ETH-USD
2025-07-10 15:00:00+00:00,489.2352442177902,SELL,4214.7338575265885,4261.822678776125,47.08882124953652,ETH-USD
2025-07-14 20:30:00+00:00,583.4756169546368,BUY,4261.822678776125,4269.252059069375,7.429380293249778,ETH-USD
2025-07-15 09:30:00+00:00,562.4375735513689,SELL,4269.252059069375,4155.559411691073,-113.69264737830144,ETH-USD
2025-07-15 13:00:00+00:00,532.2822562035425,BUY,4155.559411691073,4105.629772531963,-49.92963915911059,ETH-USD
2025-07-15 19:30:00+00:00,546.9507822669406,SELL,4105.629772531963,4209.921808438168,104.29203590620546,ETH-USD
2025-07-16 07:00:00+00:00,516.7370404633793,BUY,4209.921808438168,4203.6351312534225,-6.286677184745713,ETH-USD
2025-07-16 16:00:00+00:00,518.6656336816109,SELL,4203.6351312534225,4208.571761834801,4.936630581378267,ETH-USD
2025-07-25 04:30:00+00:00,792.0068795692441,BUY,4208.571761834801,4263.043870743543,54.472108908742484,ETH-USD
2025-07-25 13:30:00+00:00,798.3768778427172,SELL,4263.043870743543,4319.071229894011,56.02735915046742,ETH-USD
2025-07-31 19:00:00+00:00,778.7912515952121,BUY,4319.071229894011,4366.732462392177,47.6612324981661,ETH-USD
2025-08-01 02:30:00+00:00,779.734232279222,SELL,4366.732462392177,4419.374388801462,52.64192640928559,ETH-USD
2025-08-01 18:30:00+00:00,699.3544256346047,BUY,4419.374388801462,4389.59288433174,-29.781504469722677,ETH-USD
2025-08-02 04:30:00+00:00,725.0138731642273,SELL,4389.59288433174,4507.868485729085,118.27560139734487,ETH-USD
2025-08-06 10:00:00+00:00,834.2073801165558,BUY,4507.868485729085,4593.858394459139,85.9899087300546,ETH-USD
2025-08-06 12:30:00+00:00,854.7046529577303,SELL,4593.858394459139,4673.214351711024,79.35595725188523,ETH-USD
2025-08-08 22:00:00+00:00,877.9910732666618,BUY,4673.214351711024,4625.88466024622,-47.329691464804455,ETH-USD
2025-08-09 07:30:00+00:00,881.9344771002101,SELL,4625.88466024622,4705.921897051721,80.03723680550138,ETH-USD
2025-08-09 18:00:00+00:00,832.1379832052176,BUY,4705.921897051721,4691.935017277757,-13.986879773964574,ETH-USD
2025-08-10 09:00:00+00:00,809.517330864869,SELL,4691.935017277757,4571.110888763198,-120.82412851455865,ETH-USD
